course_id,user_id,rate
8,62,
700,98,
109,32,
43,54,
913,72,
967,39,
1377,71,
1397,77,0
930,58,0
638,97,0
102,68,5
3,71,2
755,49,4
614,99,5
364,92,5
327,79,5
577,71,1
371,83,1
362,95,3
1097,47,1
783,97,0
173,69,1
1110,44,1
892,44,0
933,60,5
361,80,5
235,83,5
941,51,2
904,49,2
1340,82,2
1012,67,4
82,46,4
416,42,1
1370,76,2
1215,76,2
808,47,2
86,38,2
993,64,0
937,83,0
808,87,2
1339,49,2
1212,64,1
1380,34,0
1182,85,5
1040,71,5
972,91,5
916,38,5
240,81,5
770,38,5
362,80,5
109,98,0
224,102,4
1,89,4
1410,83,5
1244,63,5
334,54,1
793,93,1
702,55,1
1110,40,1
633,63,1
1061,56,4
498,53,4
307,47,2
825,81,2
248,80,3
749,41,5
281,63,5
1053,54,5
535,51,5
264,69,3
1089,83,3
384,46,3
920,97,4
945,55,3
266,93,3
1352,82,3
229,93,1
1039,67,2
1040,75,1
929,46,1
195,34,1
884,102,1
164,73,3
1215,67,3
91,77,0
1442,76,0
670,70,0
1412,79,0
1053,53,5
1016,32,1
842,91,1
24,86,1
281,49,1
3,93,1
96,53,1
162,95,1
998,53,0
205,39,0
922,101,4
421,96,4
1273,81,4
1165,68,2
1031,50,1
1312,48,1
49,86,2
1273,75,3
644,101,3
1073,46,3
531,93,3
306,89,1
453,49,4
1255,82,4
133,46,2
1320,97,2
1068,67,0
33,37,5
188,76,1
930,35,0
582,48,0
342,41,0
741,91,0
183,78,0
839,69,0
1167,49,3
1376,101,0
302,101,0
340,50,0
877,52,2
289,65,4
730,85,4
314,57,0
1383,32,3
210,72,3
179,46,3
1402,55,3
414,58,3
33,65,2
46,36,2
856,70,4
379,80,4
54,98,1
773,86,5
68,90,5
686,55,2
1230,84,0
1129,89,4
54,35,4
391,58,4
712,48,4
137,41,5
567,85,5
856,94,0
158,46,3
578,33,3
916,48,0
903,56,4
893,49,4
34,88,4
1036,32,1
134,35,1
1182,66,1
681,43,1
1163,39,2
647,38,2
452,76,2
440,55,0
19,86,0
702,44,0
344,77,2
412,39,2
1082,36,5
288,83,5
839,78,2
839,81,5
1367,97,5
808,35,5
518,47,5
766,68,5
1042,76,4
429,58,3
937,71,0
198,93,0
544,61,4
545,58,0
750,81,5
709,60,2
1210,80,3
1348,67,3
1125,41,3
711,68,3
1435,80,3
872,64,3
892,92,0
785,69,0
1181,59,0
167,68,0
441,92,0
927,54,3
1126,98,3
435,45,3
158,89,5
1110,82,5
182,61,5
35,93,0
618,95,0
206,43,0
157,52,0
262,69,0
1410,78,1
349,48,1
364,37,1
824,38,1
1181,92,1
336,37,2
399,74,5
948,60,5
421,94,5
641,44,5
292,36,0
49,90,0
536,77,0
668,86,0
1134,95,0
1309,51,3
264,57,0
360,86,1
951,44,1
545,93,1
583,88,2
416,38,0
834,73,0
574,92,0
913,60,0
1383,95,0
471,96,0
470,77,0
1110,43,0
908,54,4
210,50,2
854,44,4
173,54,2
876,62,2
172,88,0
1012,53,0
939,79,0
518,57,0
1440,67,1
990,66,1
854,34,3
1413,39,1
1188,35,1
694,39,1
292,76,1
931,34,4
614,57,4
686,91,4
1413,43,4
1199,58,1
1107,56,1
1414,46,1
908,77,1
902,87,2
5,41,2
73,56,4
474,40,2
647,78,2
815,49,5
411,32,0
1444,41,0
403,46,5
407,66,3
303,79,1
586,99,5
1385,51,4
744,71,4
173,68,4
381,78,5
609,40,4
1289,99,2
202,87,1
1442,68,1
1032,86,3
664,59,5
526,49,5
1342,60,5
860,76,0
797,35,1
384,62,1
1075,75,0
403,100,0
752,46,2
1269,71,2
158,50,0
21,40,0
1407,78,1
927,33,1
1,83,2
749,57,2
235,100,2
383,59,2
371,41,2
1048,63,2
1388,70,3
1016,37,3
566,86,0
1023,98,0
399,67,5
1016,93,5
1402,40,2
567,64,3
781,60,4
283,98,4
230,86,3
1374,102,3
812,43,3
3,38,3
4,47,3
627,58,3
60,56,3
998,85,3
145,95,3
1132,93,3
369,33,3
800,67,3
1053,62,4
1305,50,4
417,59,5
309,34,2
188,66,2
206,45,2
586,78,5
869,55,3
471,62,3
1406,63,5
1303,59,5
959,85,5
1267,91,5
1444,96,2
1223,32,0
826,50,4
1359,38,4
119,54,4
1393,68,1
56,75,1
649,98,1
1273,97,1
895,93,1
741,84,1
134,76,1
302,102,5
485,67,5
394,97,0
125,93,3
1165,98,4
412,38,4
127,63,4
1192,66,4
110,46,4
586,81,1
288,35,3
938,33,5
356,51,3
627,83,2
211,76,0
687,50,0
1350,96,5
1066,70,2
821,71,2
311,96,2
109,87,2
262,70,2
62,56,2
1267,98,2
1048,68,2
618,45,0
1208,43,0
553,45,5
564,60,5
1391,71,4
1180,44,4
1169,68,1
855,83,4
1192,76,0
797,96,0
750,78,0
774,41,0
574,71,0
1235,40,0
668,85,0
163,59,2
1402,65,3
1406,34,3
1126,101,3
85,57,4
959,32,4
930,101,4
1300,47,4
132,81,4
534,93,1
838,67,1
787,87,1
381,102,1
612,102,1
541,75,1
330,37,1
605,93,0
937,47,3
142,65,3
147,71,3
566,101,3
369,38,3
834,41,5
890,38,5
892,55,5
67,35,5
1089,37,3
966,63,0
489,42,0
1045,65,0
277,86,0
875,86,0
1158,43,0
872,39,0
577,34,1
595,60,1
813,96,1
1365,94,3
5,89,3
800,71,3
1059,78,1
899,85,1
434,41,1
783,98,1
247,74,0
1234,51,0
19,93,0
563,89,0
429,102,0
347,51,0
1070,97,3
388,37,3
791,89,3
662,85,5
749,45,5
429,59,5
206,37,2
30,67,2
578,77,5
240,51,5
286,33,5
521,71,5
770,40,5
998,50,0
1108,45,2
890,32,5
1257,85,2
373,94,4
612,59,4
647,101,0
638,55,5
1022,47,1
376,37,1
1370,44,1
989,76,1
86,91,1
714,33,1
605,56,2
1233,59,2
1125,81,4
411,92,4
262,77,0
274,74,0
1014,61,0
941,88,0
1322,56,0
183,85,0
68,102,3
1410,82,5
859,39,5
335,61,5
24,89,5
4,34,5
1234,50,4
977,33,5
457,37,2
640,102,2
655,34,2
959,64,2
886,49,2
331,87,2
1150,88,2
795,63,2
440,102,2
699,91,2
314,88,2
456,41,2
649,95,4
1077,83,5
836,92,5
1287,86,0
626,49,4
1075,35,4
939,39,4
951,68,3
535,95,4
1131,63,4
811,72,4
66,92,4
167,35,4
87,38,4
1397,83,1
1013,91,0
1375,49,0
1419,97,1
1023,66,1
1026,86,0
26,94,0
1272,81,3
105,41,3
137,95,3
8,96,3
657,83,3
43,91,3
832,80,0
506,76,5
732,60,2
1440,44,2
1126,49,5
1163,47,5
770,72,5
1283,62,5
63,41,3
1265,81,3
373,33,5
81,69,2
1309,81,2
1082,69,2
161,51,4
898,69,4
514,59,4
1253,40,4
1036,93,4
434,39,4
137,59,4
44,65,4
902,73,4
1192,70,5
1309,63,1
406,77,1
250,64,4
1023,101,1
1252,76,2
1404,97,2
270,79,1
1021,61,0
302,53,0
805,93,0
161,88,0
627,63,0
617,38,1
574,40,1
261,36,3
984,40,5
309,51,0
377,41,0
498,68,5
401,61,4
242,67,4
766,87,4
647,44,4
260,89,4
1218,95,4
702,43,5
220,92,0
67,76,0
26,77,0
614,78,0
172,86,1
1251,88,3
929,58,3
331,102,3
388,39,3
127,60,3
435,78,3
1107,44,3
1435,100,3
1362,71,3
101,100,1
1026,93,3
791,78,3
330,98,3
93,38,3
852,34,3
219,74,3
1041,37,2
760,41,2
432,82,4
364,46,1
1264,39,1
787,40,1
137,51,1
1007,81,4
802,73,4
234,91,1
117,97,5
1390,38,5
336,94,5
323,68,2
994,57,2
618,57,1
522,37,5
1270,97,1
807,57,1
573,94,0
90,63,0
161,56,3
834,51,3
303,76,3
993,85,4
274,48,5
205,40,5
904,101,5
818,97,1
1215,69,5
1265,64,5
327,63,5
1083,78,5
1024,89,3
1217,50,3
1114,72,1
531,48,1
361,49,3
260,55,3
93,33,3
81,80,5
633,75,5
687,43,5
894,98,5
521,42,5
728,47,3
114,54,3
770,50,1
274,54,3
235,37,3
562,67,3
1252,44,3
66,61,3
978,94,2
80,70,3
984,58,3
1395,53,3
154,70,3
471,74,3
1289,70,5
1377,56,5
1209,100,3
967,83,3
1374,69,3
725,84,3
1175,51,5
1110,62,1
577,61,1
188,72,1
102,38,0
371,94,0
1282,93,2
1165,63,2
1381,90,0
446,98,0
506,42,0
637,86,1
267,68,1
522,76,0
586,46,0
1303,94,0
522,84,2
1134,61,2
712,67,3
175,94,3
595,89,3
1363,86,3
801,98,3
154,40,4
766,64,4
142,43,4
839,48,1
1172,32,1
1301,60,1
371,48,3
1139,96,3
399,39,5
1402,94,3
785,102,3
348,56,3
978,54,3
728,44,3
27,100,3
961,80,1
356,67,1
416,89,0
779,47,0
1289,102,4
229,38,3
87,57,3
750,50,1
1061,64,4
712,72,1
886,54,0
513,59,1
962,100,1
566,50,1
1391,42,5
467,38,5
116,47,1
219,83,1
51,46,1
362,45,2
373,89,1
380,91,1
73,80,1
945,48,1
1323,59,4
1246,80,3
610,44,4
962,41,5
669,69,3
793,35,1
1316,60,1
311,100,0
35,70,1
347,102,1
699,32,1
598,95,1
1316,79,1
127,57,5
749,91,0
228,34,2
125,102,4
1322,33,4
317,93,4
1319,94,5
399,35,5
63,57,3
562,37,3
927,53,3
260,50,4
127,80,3
132,49,3
1261,50,3
311,85,3
1023,45,3
441,79,3
1114,98,5
1305,84,5
60,76,5
250,60,5
1416,79,5
747,43,2
822,69,2
1167,68,2
1043,51,5
1163,74,5
489,66,1
264,93,3
90,47,3
1388,90,3
342,64,3
1358,70,3
749,69,2
460,59,2
360,81,4
132,33,4
142,97,4
466,74,4
439,45,4
838,35,4
47,87,5
302,49,5
1163,88,5
228,46,2
1036,38,4
415,74,1
1096,66,1
603,93,1
961,42,2
586,88,2
179,64,2
373,81,2
82,84,2
512,57,1
1175,88,1
340,36,1
1399,78,1
642,37,0
534,58,3
1299,99,3
918,38,1
663,59,1
1094,99,3
1173,55,3
246,76,3
376,67,3
383,97,1
879,96,4
598,70,1
1064,50,1
522,66,1
1179,73,1
97,73,1
133,57,2
655,69,1
1348,79,1
48,33,5
67,65,5
859,52,1
574,47,0
581,81,0
158,92,2
469,61,3
933,41,1
1045,50,1
294,39,1
770,97,1
1042,96,1
1017,71,5
763,60,5
132,44,4
712,87,4
777,64,5
467,45,4
1268,68,4
119,47,4
1154,76,5
1342,49,5
34,36,5
434,37,4
1114,69,5
936,32,5
714,82,5
1365,47,5
822,74,4
1300,87,4
796,73,4
800,50,0
380,55,0
876,32,0
766,51,3
53,48,5
699,52,3
230,93,3
1173,102,3
191,94,3
612,71,3
251,93,3
1136,55,3
979,55,3
1089,77,4
1070,43,4
711,60,4
534,35,4
338,49,5
737,34,5
423,38,3
1363,76,3
1446,42,3
760,60,3
119,85,3
1320,56,0
1217,35,2
783,69,2
631,78,0
1061,76,0
1108,55,4
788,49,4
225,33,4
3,41,5
134,97,4
1264,51,4
1383,62,4
894,72,1
815,45,1
603,61,0
1395,56,2
702,83,5
933,74,5
708,96,3
1039,44,3
24,48,3
598,96,2
1032,38,2
188,65,2
877,51,0
712,35,0
553,43,0
936,81,2
1064,37,2
783,73,2
797,45,4
68,92,4
955,84,5
117,49,5
1390,68,0
384,86,4
567,39,4
1407,100,4
1294,59,4
1230,52,4
412,55,2
306,72,1
884,87,1
274,42,1
639,73,1
1212,58,1
1395,52,1
974,61,5
1440,78,5
934,54,5
62,74,3
686,67,5
512,92,3
1223,47,2
1203,102,2
175,43,2
664,41,2
789,90,2
342,67,3
242,89,5
1329,53,5
558,59,5
545,37,4
576,32,4
114,102,4
544,40,5
1229,58,5
311,80,1
5,87,2
1024,45,2
378,43,2
1367,34,3
63,76,3
1040,60,3
760,35,3
1395,49,3
1021,79,3
163,64,3
456,93,3
543,40,3
125,62,0
408,61,0
743,69,0
625,86,0
1169,92,5
908,37,1
371,87,5
952,60,5
114,51,5
441,96,1
415,51,5
1125,83,5
598,54,5
626,41,5
158,66,5
531,54,5
1235,52,4
162,85,4
677,64,4
983,102,4
309,44,2
421,100,3
1115,43,5
604,39,0
1184,102,0
760,55,2
763,86,2
311,83,0
1344,48,1
644,41,1
1363,64,1
377,75,4
899,96,4
819,46,4
691,76,3
1358,88,2
1173,34,2
1389,56,2
789,99,2
859,63,2
30,78,2
1313,52,5
334,65,1
59,55,1
564,80,1
647,64,1
1061,54,1
635,42,4
1079,60,4
220,97,4
134,102,4
101,62,1
1259,46,1
396,69,1
890,60,1
110,60,0
48,68,0
516,75,0
36,69,4
66,99,4
362,75,4
864,102,3
1101,85,0
1048,40,0
1429,67,3
689,88,3
1175,38,3
855,81,0
1199,51,0
640,94,4
1152,61,0
994,87,0
554,98,1
728,48,0
347,75,5
15,38,5
1053,59,5
283,68,5
309,47,5
110,52,5
474,79,4
225,42,4
927,66,4
177,36,4
1212,70,3
694,43,3
694,70,3
97,58,3
1417,47,3
1114,87,2
1410,97,5
1021,47,2
401,57,0
406,44,0
802,88,0
186,100,0
302,92,0
631,81,0
988,61,3
1281,96,3
183,64,3
890,66,5
428,89,4
251,40,4
2,99,2
752,92,5
670,88,5
832,92,5
1309,71,5
249,69,5
854,100,5
750,47,5
1434,78,5
70,59,5
1315,53,2
109,49,0
1048,54,4
731,45,0
1286,59,3
622,97,3
640,54,0
618,92,0
144,56,0
105,45,3
885,66,3
1248,37,3
1359,71,3
81,89,3
28,66,3
813,78,3
658,97,3
495,46,3
164,80,3
157,62,3
1267,50,1
399,62,5
962,44,5
884,90,5
1188,83,3
948,61,3
379,82,3
1385,101,3
979,93,1
748,35,1
1335,37,1
1406,68,1
402,95,1
747,95,2
774,87,2
1064,61,2
1370,89,4
649,91,1
728,65,1
1407,81,1
1320,69,1
1107,66,3
948,73,3
553,70,3
684,61,5
777,63,5
164,50,5
349,93,2
1376,35,4
1164,43,5
711,51,5
292,80,1
505,47,3
506,69,3
1268,36,2
1036,52,5
1115,47,5
744,58,5
407,86,5
657,88,4
563,32,4
1125,66,4
1045,71,1
134,48,3
311,40,3
1389,46,3
612,76,1
1380,78,0
484,54,0
422,69,0
1020,64,5
1335,58,5
1192,49,5
521,37,5
1289,67,0
563,44,0
47,51,0
1381,43,2
1253,91,2
1017,41,1
63,83,5
250,65,1
1012,84,5
1313,44,5
38,33,2
1091,45,2
412,78,2
1192,43,5
147,47,2
336,61,2
577,65,2
211,61,1
860,92,1
993,59,5
562,75,5
317,39,4
86,60,3
713,97,3
813,50,3
52,85,3
958,95,3
57,98,4
219,65,4
293,68,5
230,100,5
283,80,2
327,51,2
818,54,5
327,60,5
342,34,0
1061,48,2
786,71,2
890,81,5
1232,41,5
802,60,5
1257,99,5
363,70,5
240,99,3
655,59,3
331,32,5
959,58,5
416,56,5
744,64,5
754,49,5
930,52,0
3,65,2
186,58,0
1389,67,3
614,85,1
1232,52,3
1440,53,3
99,74,2
1031,98,2
1367,52,2
817,56,2
134,80,2
872,67,3
289,45,5
414,101,1
1358,57,1
1041,42,5
576,54,4
1033,40,4
1395,33,4
346,57,2
838,53,2
1234,53,1
847,37,0
52,66,1
649,48,0
524,51,0
82,76,5
1175,53,5
869,63,5
743,61,5
1020,90,0
467,32,0
876,87,0
909,101,5
288,62,5
895,38,5
916,37,5
586,49,3
821,77,2
1203,32,0
294,59,0
162,67,1
1407,68,3
188,77,4
749,48,5
1407,32,5
48,73,5
478,38,5
1269,91,5
791,79,5
1118,88,5
748,77,1
977,36,1
644,77,1
500,62,1
1383,34,2
200,85,2
360,99,0
1022,79,0
183,33,0
602,85,0
200,45,0
929,43,0
699,80,1
346,33,1
179,57,5
347,97,5
1173,62,0
713,41,4
338,72,4
1359,64,4
4,80,0
890,72,0
700,88,0
522,74,0
239,32,1
859,75,5
1377,59,5
513,73,5
1417,82,1
8,58,2
1333,43,2
159,89,0
1150,81,0
163,57,0
1013,83,0
1329,47,5
701,59,5
1108,51,5
93,68,1
1031,89,4
945,99,3
641,68,4
556,72,4
142,87,4
904,84,3
1201,55,0
497,38,0
351,88,3
394,40,0
608,48,0
91,62,0
335,52,4
1114,47,4
102,101,4
1114,62,4
787,73,4
260,78,4
1340,35,0
423,98,3
705,40,3
38,65,3
989,57,3
904,48,3
1377,48,1
32,90,4
373,46,5
27,78,5
427,58,3
134,40,3
558,78,0
1146,42,2
495,79,2
984,65,2
1033,33,2
939,77,0
524,76,2
349,74,2
659,74,4
220,51,4
1446,62,0
677,87,0
1388,65,0
795,89,5
63,63,5
779,77,5
687,38,2
731,75,1
383,87,1
112,93,1
4,65,0
614,34,0
722,90,0
1410,88,1
700,77,1
1183,83,4
772,68,4
779,52,1
1446,87,3
851,37,2
47,65,2
1261,36,2
1114,99,2
691,69,2
1302,100,2
564,93,1
1169,32,4
902,34,4
1323,32,4
556,85,4
901,50,5
91,95,5
1412,67,5
28,98,0
101,63,0
920,71,0
1089,60,0
1264,57,0
1446,49,0
1392,84,0
1209,102,0
1361,82,0
93,93,4
1087,77,4
1091,33,4
314,78,4
1419,65,4
1440,80,2
1296,93,3
435,52,3
379,53,3
1340,71,5
739,46,5
376,82,5
826,79,3
126,98,3
73,39,5
1126,53,2
1102,81,3
826,61,4
170,50,4
361,68,2
639,84,2
185,67,2
998,99,2
593,41,2
801,66,1
1412,92,5
198,55,5
541,85,5
38,67,5
860,35,1
977,98,1
1393,51,1
1397,100,0
246,69,5
1300,49,1
718,78,1
566,84,1
647,46,1
558,70,1
877,62,1
666,63,1
27,98,2
684,56,2
474,95,5
116,84,2
210,66,4
1383,94,3
556,43,5
699,63,4
884,43,4
754,89,4
47,90,4
441,44,5
85,83,5
1261,68,4
728,82,4
1070,49,2
894,78,2
805,79,2
539,72,2
1419,41,0
895,77,0
793,83,0
262,72,0
63,34,0
1375,54,0
750,56,1
117,58,1
1175,36,1
1335,60,1
544,38,5
339,56,5
668,41,5
884,93,1
1429,75,1
1319,40,1
145,75,1
1016,100,0
641,38,0
895,48,0
958,81,0
380,34,1
770,42,1
659,44,1
1044,44,1
805,35,1
240,94,1
860,79,5
66,50,2
1090,64,2
1395,51,1
1104,58,1
806,95,1
884,62,1
292,90,0
455,65,2
909,56,2
664,101,2
1414,64,4
334,47,4
531,89,0
1132,92,0
894,70,4
378,44,4
860,32,0
983,46,3
540,92,3
1053,80,2
955,67,2
1381,60,3
1408,80,3
653,83,5
24,69,5
1361,58,1
1406,92,1
750,79,1
360,89,1
521,63,1
346,86,1
1048,52,2
1136,94,2
294,49,2
1230,94,2
1401,73,4
248,33,5
1299,72,4
270,36,2
376,35,5
1165,56,0
291,50,0
482,93,2
1273,98,2
67,55,3
421,91,2
470,50,3
787,47,2
1203,68,2
899,78,3
310,69,1
668,53,1
144,72,1
137,74,0
712,101,2
979,92,1
1209,82,1
1040,80,3
1342,55,3
1045,35,2
677,60,2
164,71,4
1068,89,4
231,43,5
998,91,1
1305,58,2
335,84,2
498,35,2
763,94,2
456,48,3
795,50,3
700,102,5
993,32,1
1097,40,3
54,77,0
582,45,0
836,32,1
309,76,3
1088,83,5
484,41,5
689,41,5
625,65,5
145,54,2
66,94,0
593,72,0
80,69,0
63,52,3
1320,71,4
351,42,2
626,35,2
989,84,2
210,97,3
899,41,3
513,32,5
1070,86,4
270,75,1
938,51,0
1417,69,0
434,102,4
412,94,4
388,70,3
1385,54,3
345,75,4
163,67,5
228,59,5
48,74,4
351,75,4
1314,45,4
1108,75,5
330,93,5
251,42,0
1374,76,0
568,94,0
422,34,0
543,48,0
984,62,1
939,95,1
468,42,1
479,98,1
220,100,3
379,36,3
681,71,0
822,95,0
73,94,1
524,46,0
1253,67,5
543,44,5
293,41,5
26,36,5
310,48,5
1131,86,2
1064,55,2
586,84,2
789,70,2
967,60,3
795,49,3
649,42,3
526,72,3
144,53,1
543,39,3
514,61,3
963,93,1
909,72,2
1408,93,2
179,61,1
1252,49,4
610,37,0
397,73,0
388,52,5
998,54,0
360,65,5
412,34,5
1034,43,2
330,45,4
836,34,4
453,73,4
903,96,0
186,45,0
198,33,2
722,55,2
35,99,2
59,95,2
796,37,2
1048,77,2
1300,79,1
477,91,1
1385,43,3
610,68,3
183,94,3
1389,94,3
1180,76,3
747,56,3
609,94,2
839,98,2
19,83,2
1300,88,1
1091,70,1
446,74,1
323,70,1
331,34,1
930,91,4
535,96,1
1059,74,0
1134,66,0
1224,57,0
40,64,0
1417,94,0
875,42,0
1299,77,0
821,55,5
1097,66,5
82,35,5
994,63,5
172,34,5
658,62,5
732,88,5
899,52,4
1435,48,4
1312,89,4
460,57,4
1333,72,4
1417,55,2
1217,68,4
73,35,2
927,68,2
977,37,5
1031,66,4
694,65,4
18,97,4
612,56,5
82,87,3
558,76,3
288,96,3
249,101,5
21,99,5
672,47,5
909,84,5
371,44,5
1362,61,0
912,95,0
19,43,4
1035,50,5
1267,69,0
839,35,0
1370,56,5
62,73,5
351,81,5
142,75,4
467,47,4
1374,74,4
1029,69,4
1266,53,0
349,61,3
818,94,3
1163,60,1
185,63,1
977,87,4
684,76,4
1136,66,4
56,66,2
686,69,2
1182,94,2
1273,51,5
26,58,3
110,83,3
1041,79,4
975,57,4
314,40,2
344,53,2
885,39,0
774,34,0
327,70,0
750,92,0
688,88,0
1167,48,0
1224,51,3
518,54,4
1233,65,2
441,91,2
145,76,2
228,56,2
1265,53,3
57,99,3
577,68,3
467,53,3
930,41,3
684,71,3
1097,39,0
417,60,0
712,76,5
875,79,0
80,95,4
469,45,4
270,52,4
1089,66,4
860,88,4
161,76,0
1352,34,0
231,91,5
28,58,0
812,72,0
1179,44,0
1392,43,0
933,43,0
1184,33,2
927,85,2
1344,74,1
1013,64,4
1253,46,4
544,94,5
670,58,5
578,35,5
633,74,5
64,58,5
1104,98,0
1401,37,0
1344,35,0
510,76,3
70,54,5
467,63,5
820,53,5
1230,47,5
612,72,0
1101,102,0
218,89,0
435,57,0
1150,92,0
264,56,0
500,70,0
939,102,0
640,32,2
261,79,4
266,79,4
811,82,3
1165,83,3
126,49,0
811,46,0
1261,88,0
1129,51,0
250,79,0
489,45,0
886,62,3
380,69,4
1021,88,4
97,76,5
1246,59,5
815,35,5
543,37,3
1434,82,2
1073,69,0
658,70,0
1370,95,0
1020,43,3
1044,48,1
82,95,1
35,65,5
641,60,5
1180,32,5
1361,47,5
672,57,3
684,86,3
1443,61,3
1083,83,3
139,44,2
879,74,2
903,63,3
779,59,3
414,45,4
931,43,4
33,33,4
1070,39,4
1182,59,3
228,61,3
1007,77,3
1333,84,3
513,71,3
1261,84,5
1182,37,5
28,77,1
1217,71,5
531,59,5
1389,49,5
586,102,5
348,42,5
19,33,5
990,83,1
139,50,1
154,36,3
872,85,3
211,83,5
1309,94,4
1229,49,5
485,56,5
416,84,5
1012,94,5
1126,69,5
916,67,5
989,69,3
479,75,3
1266,82,3
1283,76,5
228,36,2
1021,92,2
1032,50,2
545,96,2
795,51,5
452,40,5
1287,49,5
373,102,5
1390,36,2
1348,94,2
1101,57,4
791,51,2
559,60,2
195,61,2
1390,32,2
747,101,2
1244,42,1
763,71,1
1203,94,1
417,70,1
1061,47,1
1266,65,1
998,60,1
966,64,1
1326,51,2
498,38,3
134,53,3
96,100,0
1435,46,0
1094,52,0
1158,100,2
481,90,4
497,86,4
495,100,4
1151,96,4
407,98,4
815,62,4
1014,63,4
951,78,0
416,80,0
1286,37,0
162,49,0
684,93,0
842,63,0
666,91,3
498,43,0
890,48,5
807,81,5
626,65,2
485,50,1
864,49,1
760,48,1
1070,37,1
349,83,0
1396,40,0
54,53,2
67,69,2
33,48,2
239,87,4
1079,89,3
1021,64,3
1021,54,1
1167,94,2
687,57,2
983,45,2
977,59,1
699,83,1
1092,97,1
677,69,2
1026,95,5
1031,36,5
1268,74,5
1234,101,4
82,89,1
750,94,3
668,37,3
1217,69,3
327,44,3
1314,68,4
1416,40,1
462,85,5
1108,73,4
749,47,4
67,79,1
568,44,4
231,76,4
685,66,3
1323,97,4
730,38,4
731,36,2
558,77,5
474,56,5
323,32,3
1043,69,3
64,97,2
750,85,2
125,73,5
408,56,0
713,43,5
1366,88,5
817,70,5
320,46,2
327,65,2
1248,71,2
1302,59,2
96,88,2
114,73,5
934,33,1
558,72,1
766,86,1
69,97,2
1339,51,0
908,49,0
1235,53,0
805,36,1
1283,95,0
1266,56,0
622,56,4
1282,51,2
364,69,5
500,55,5
539,102,5
1388,59,5
916,77,5
82,44,1
1032,87,1
815,51,1
396,98,4
114,81,3
1300,43,1
725,96,1
428,42,1
1316,35,1
277,91,1
1104,86,1
164,94,1
498,47,1
773,89,3
955,90,3
378,101,3
1251,46,0
781,39,0
286,35,0
133,76,0
854,66,4
142,44,4
412,68,4
711,83,5
859,87,5
558,39,4
1145,75,4
1048,97,4
479,34,1
30,57,2
1092,63,2
1272,32,2
983,55,2
1073,43,3
1089,54,3
807,70,3
536,48,3
834,64,3
574,55,3
670,56,4
687,81,4
1389,86,4
43,40,2
59,36,2
1163,44,2
562,64,0
209,35,5
34,48,0
195,41,0
164,69,0
644,46,4
1388,48,4
627,37,4
578,49,5
59,94,2
356,64,2
892,95,2
534,54,0
1138,43,5
743,90,1
1395,74,1
1267,87,1
933,82,5
384,50,3
133,47,3
428,36,3
852,53,2
1218,74,0
422,90,1
391,71,1
1032,100,1
402,70,3
1179,60,1
978,102,1
421,47,1
229,86,1
338,88,1
1315,82,0
456,70,0
62,35,0
763,102,0
1265,97,0
743,63,3
93,43,3
1070,36,3
227,89,1
1335,34,5
262,93,1
1012,96,3
916,39,3
303,65,3
421,78,3
536,38,3
1366,91,3
82,56,3
1344,61,3
1104,73,2
264,45,0
185,93,0
1032,54,0
1033,94,0
47,38,0
87,64,0
1215,79,0
1043,33,0
672,68,0
68,43,0
1276,53,0
1131,38,0
731,77,4
277,58,1
641,33,4
34,34,5
2,69,5
937,42,5
96,43,5
289,36,4
1392,41,4
44,91,5
822,54,4
1034,89,4
743,34,4
766,46,4
934,44,2
288,78,2
1313,96,2
489,67,2
689,32,2
1442,89,3
1401,57,1
1,50,2
18,99,2
974,50,5
83,92,3
316,64,4
1443,67,5
485,97,5
1146,71,5
1393,65,5
307,94,2
262,65,2
440,39,2
1123,48,0
47,80,0
274,72,0
1257,77,2
1013,77,1
1089,58,0
739,60,0
624,92,1
1445,72,1
1091,99,1
655,73,5
1342,48,5
1068,86,5
1234,77,5
482,42,5
1022,44,5
450,37,4
920,41,4
978,80,4
427,87,3
5,73,3
249,36,3
317,55,3
1059,102,4
497,81,1
854,78,1
1034,32,0
1399,100,4
1435,54,4
1382,89,4
73,77,3
384,40,3
1217,56,3
68,42,4
819,42,4
421,41,4
1417,72,4
1066,50,1
125,88,1
28,94,1
1075,85,0
394,91,4
1158,90,4
314,50,4
1419,88,4
1088,64,4
686,84,1
1091,81,1
126,35,1
1395,72,3
309,71,3
356,90,3
658,92,1
403,88,4
663,81,5
126,50,2
406,83,2
1132,35,0
770,44,0
955,88,0
416,44,0
615,81,5
672,96,5
526,48,5
1062,55,3
937,44,4
28,47,5
1396,85,5
441,73,5
1388,84,5
1276,60,5
522,80,5
361,59,5
414,74,5
457,77,5
477,100,5
1276,61,5
785,65,5
948,98,1
19,56,1
1320,91,0
1053,72,0
1035,40,0
133,97,0
46,64,0
975,74,1
172,81,0
340,32,0
1377,51,0
1406,37,0
1352,47,5
1110,86,5
1101,35,4
102,60,4
427,43,4
460,67,4
1269,101,4
1110,38,4
206,34,4
534,87,0
713,60,1
19,45,1
535,93,1
838,82,3
936,36,3
769,41,3
890,65,3
53,47,3
582,88,0
714,57,3
239,34,5
336,48,3
1393,78,0
894,57,2
644,45,1
1123,60,0
773,45,3
784,73,1
1218,98,0
1273,40,4
181,71,4
612,93,3
264,39,2
292,89,2
1320,77,3
1208,81,3
101,77,3
388,57,3
3,74,3
1233,57,1
1390,42,4
739,61,4
198,58,5
1088,92,1
966,39,1
36,56,4
793,32,4
609,57,5
452,81,3
52,93,3
626,36,3
70,84,3
1290,37,2
1339,56,4
1426,84,4
66,33,5
173,61,5
732,97,2
1125,99,4
922,44,1
513,68,3
622,89,0
931,67,5
755,77,2
1092,56,1
1087,91,0
403,34,1
884,38,1
1268,35,3
1401,33,3
1200,32,3
1276,95,2
340,85,2
563,36,4
1180,33,4
872,58,4
1039,57,4
1359,80,4
309,56,1
1066,72,1
1201,78,0
1404,71,4
80,34,3
1023,32,3
836,67,1
134,73,4
51,67,0
1261,77,3
381,68,0
931,55,0
1315,73,0
1053,60,0
864,100,0
1244,38,0
1232,94,0
806,33,0
471,44,2
797,89,2
97,50,2
1376,86,2
750,84,2
43,53,2
183,66,2
677,99,2
49,64,2
403,75,1
186,90,1
173,95,1
1267,34,1
96,65,2
712,94,2
1077,48,2
67,63,2
879,85,3
1133,95,3
1208,89,3
1339,39,3
945,40,4
1378,96,0
1361,40,0
228,50,0
902,59,0
1413,38,1
219,37,0
807,82,3
1165,65,2
455,47,3
948,59,3
1261,82,3
1040,33,2
786,88,5
1075,91,5
785,71,3
1309,36,3
211,78,2
931,97,2
994,60,2
1313,84,3
912,84,3
1314,38,0
904,75,4
793,62,4
1216,81,1
605,95,1
227,102,1
1267,83,1
112,89,1
1044,96,1
1312,42,3
48,84,3
979,77,3
1382,35,2
369,92,4
1040,54,1
617,65,1
750,80,1
669,92,1
540,68,1
1340,79,1
862,81,1
36,74,1
373,98,1
371,32,4
83,78,2
774,72,3
54,88,3
33,45,5
948,88,4
1066,64,4
1312,78,5
702,75,5
510,100,5
927,36,5
1265,34,5
482,69,5
556,44,5
406,94,5
1138,90,5
1210,81,0
234,70,3
1102,42,4
1001,62,4
1402,47,4
1007,68,1
510,93,1
363,76,1
712,85,4
1380,71,4
825,78,1
388,55,1
1017,88,1
653,44,0
489,96,0
855,46,0
811,61,0
91,35,1
834,75,0
69,66,0
309,67,0
617,58,0
700,92,0
644,33,0
1233,69,0
1399,76,3
934,35,5
1107,52,3
1045,78,0
205,41,0
348,77,0
18,98,0
1397,54,3
24,67,1
1039,97,4
524,86,5
422,73,3
1257,39,3
1443,90,0
626,83,2
791,37,2
1251,66,4
974,51,4
663,100,4
1312,82,5
289,64,0
381,75,4
1145,78,3
931,68,3
429,70,3
886,46,1
1408,53,1
1044,53,1
1044,33,3
265,35,3
416,92,3
930,81,3
743,48,3
1378,63,5
801,63,5
586,60,5
817,85,4
93,69,4
605,55,4
961,64,2
681,65,2
815,92,2
421,89,5
567,37,5
743,85,1
1066,73,1
87,88,1
457,92,1
811,44,1
1287,65,1
1167,61,2
655,100,2
969,76,2
586,62,2
220,75,3
875,89,3
526,54,0
134,71,4
1401,36,4
1358,102,4
1330,79,4
568,62,0
1090,46,2
267,81,2
806,55,2
851,32,0
1333,55,0
175,77,4
836,72,4
1429,99,2
869,37,3
18,77,3
101,33,3
818,87,3
562,49,5
819,41,5
918,34,5
289,54,5
972,92,5
839,82,2
323,81,2
1070,102,2
1276,87,2
735,67,2
1309,43,2
170,38,0
44,56,1
1270,68,3
1289,53,3
745,96,3
1361,50,4
922,64,0
672,56,0
1129,54,4
180,51,5
1210,60,4
1383,51,0
991,61,3
462,93,4
38,54,1
856,58,3
834,99,3
43,97,3
3,43,3
24,64,3
1043,83,3
1393,88,3
240,41,0
582,62,0
559,41,0
1036,44,0
1044,61,0
86,51,0
450,99,3
523,55,3
1134,67,2
137,43,1
931,81,1
1188,100,1
699,43,1
1131,51,1
879,50,5
541,59,0
801,82,0
781,74,0
51,73,0
362,43,0
460,72,5
416,61,3
1255,95,3
993,94,3
64,44,3
885,65,3
640,98,3
1361,81,4
807,49,4
1152,99,4
1344,34,4
773,38,1
1385,46,1
1016,36,2
460,54,2
402,65,2
922,86,2
1024,66,2
469,66,2
114,46,2
522,68,4
82,71,4
817,53,4
817,36,0
198,75,5
862,61,0
536,68,0
1230,62,0
513,62,0
785,70,0
912,43,4
423,56,5
989,39,0
494,70,0
1007,99,0
481,45,0
52,61,3
360,79,3
711,56,3
453,64,4
825,60,4
8,56,3
1132,100,3
231,35,0
860,50,3
1180,35,1
137,38,1
277,68,1
1064,66,4
281,92,4
505,36,4
1126,96,2
440,75,2
1417,36,2
644,65,2
983,59,2
225,71,2
1087,76,2
417,92,2
1377,98,2
1330,53,2
1131,68,2
934,89,2
177,85,2
432,61,4
638,80,3
1235,55,5
595,47,5
786,36,5
230,54,3
657,69,3
62,48,2
1024,87,0
1367,87,5
709,88,1
417,36,1
558,87,3
644,66,3
200,96,2
177,38,2
1352,94,2
640,37,1
1032,91,3
989,82,5
800,34,2
622,92,2
941,33,2
1123,78,2
618,78,0
779,57,5
732,85,5
1244,92,3
686,77,3
1110,80,3
145,40,3
583,45,3
639,62,5
1264,56,5
1259,52,5
595,38,5
179,86,3
805,67,3
1175,92,3
64,100,3
977,68,0
987,48,2
1075,54,2
125,67,2
735,96,4
234,71,4
90,95,4
68,71,4
112,86,4
1082,37,4
599,49,1
455,66,1
407,35,1
345,56,1
1443,98,1
427,94,5
211,48,4
1102,73,4
266,89,4
1313,77,2
93,55,2
34,91,2
886,41,5
796,83,5
455,42,5
1094,36,3
109,82,4
687,55,4
700,87,0
460,77,0
345,59,0
659,46,1
752,77,1
614,55,1
674,99,1
83,43,5
1136,85,3
1406,53,2
922,35,2
376,61,4
452,63,4
772,41,1
681,51,1
170,34,1
1184,90,1
573,75,1
556,92,0
1442,35,0
49,93,0
1443,65,0
1287,88,0
731,99,0
640,62,0
294,69,0
875,101,2
24,101,3
576,48,3
988,90,3
399,72,5
639,93,5
377,78,5
85,62,5
1280,76,5
796,50,4
1344,92,4
1073,99,4
988,93,4
154,56,4
1132,63,3
230,57,3
573,35,3
543,69,3
991,41,5
81,64,0
669,97,4
270,40,5
808,61,2
1264,74,2
364,66,2
770,73,5
1309,85,5
822,62,0
351,65,0
1218,50,3
1209,66,2
749,77,2
1066,58,4
311,59,3
1270,83,1
599,59,0
1044,101,1
655,63,1
1208,68,5
1014,35,5
793,55,3
789,52,3
1029,47,3
69,62,1
1273,87,1
1029,98,1
730,37,1
1348,45,1
87,70,1
1208,49,1
688,50,1
209,83,1
1417,34,1
1367,67,2
428,77,2
877,101,5
1383,45,5
132,78,5
1391,53,5
266,98,5
1164,99,5
631,65,5
545,91,5
80,89,5
421,56,5
862,47,5
510,35,5
28,101,1
307,61,1
1041,61,1
722,83,1
1255,89,2
1068,35,2
69,40,2
1001,55,2
586,35,1
1255,101,1
24,55,1
1322,52,1
1246,79,1
248,42,0
1192,98,0
777,38,0
195,33,0
1410,59,0
411,93,3
518,95,3
20,82,3
876,45,3
937,86,3
448,91,1
1255,88,1
356,39,1
653,91,0
1283,51,0
1352,41,0
614,54,1
1404,87,5
2,85,3
1209,88,3
336,64,2
220,36,2
242,71,2
536,41,2
1179,71,4
41,40,4
191,88,4
955,49,5
470,86,4
994,89,3
1125,73,3
691,45,3
559,88,4
598,49,3
535,81,2
317,84,2
534,38,2
202,55,1
1087,101,1
1029,44,0
228,58,0
432,83,1
1154,35,1
101,80,3
1091,67,3
446,96,3
653,56,3
434,70,3
541,55,3
1370,97,3
1089,49,3
1378,49,3
1181,79,3
1289,86,3
1416,64,5
1339,96,4
495,34,4
893,41,5
467,96,1
291,73,1
434,84,3
961,72,4
890,79,4
559,61,4
1229,82,0
770,87,0
506,94,4
457,35,4
69,52,3
1208,72,3
1044,59,3
958,67,4
314,53,4
63,43,2
1339,85,3
264,46,3
1044,81,3
655,35,2
901,100,0
684,65,0
1391,61,0
747,96,5
1123,102,1
452,57,5
422,41,5
1045,44,1
63,79,1
955,102,5
26,66,4
598,67,4
603,91,0
1446,38,0
1339,47,0
1203,69,0
429,53,0
1248,61,0
266,34,1
267,54,1
875,60,1
618,38,1
1126,60,1
689,100,4
202,41,4
640,68,1
688,81,2
658,69,3
1126,76,3
466,101,3
428,66,0
270,98,3
909,86,3
1434,39,1
69,32,4
1175,71,1
38,87,3
142,42,0
303,70,3
820,63,3
1104,36,3
808,37,5
1412,68,5
955,36,5
262,82,3
345,65,1
63,89,5
347,52,5
164,85,5
406,98,4
15,37,3
90,43,3
57,84,5
209,42,5
362,54,4
934,64,4
1348,47,4
930,86,2
1258,51,2
955,42,3
469,97,3
929,90,0
162,90,0
1259,65,1
1033,56,3
1134,38,3
644,75,3
19,65,3
1040,53,5
631,53,0
545,92,4
399,60,4
612,36,4
1282,87,4
478,61,4
1399,53,4
125,100,0
177,89,0
81,47,0
96,74,2
1209,44,2
340,34,2
755,79,4
1020,32,4
691,88,4
116,63,5
1039,32,5
1087,44,1
338,75,2
1075,74,2
1091,72,2
505,92,2
331,76,2
726,39,3
713,54,3
1322,67,3
556,98,3
912,71,4
407,99,4
788,47,5
789,47,5
1115,37,5
779,86,5
1014,39,2
786,54,2
364,90,3
60,99,5
59,54,5
380,83,5
1154,38,5
523,45,0
1415,54,0
33,81,0
408,80,0
797,87,0
801,58,0
110,49,0
1326,52,0
525,32,5
777,93,1
85,33,5
1395,98,5
36,85,5
638,79,3
578,69,1
581,59,1
40,58,1
800,62,1
281,69,1
1329,63,4
217,69,0
3,49,0
1314,97,0
229,47,2
147,92,3
154,68,5
622,95,5
1413,83,5
179,44,4
346,97,2
91,94,2
1165,80,2
46,34,1
990,84,1
3,52,1
604,89,1
1328,33,1
399,102,0
220,37,0
967,57,0
1216,82,0
402,102,0
722,91,0
545,80,0
1415,48,3
784,81,3
1382,102,3
1062,43,2
500,102,2
1408,56,4
87,62,1
110,48,5
1215,78,5
478,90,5
577,40,3
462,75,3
96,78,3
1062,84,1
639,94,2
1417,93,2
892,42,2
1094,57,2
774,76,1
545,68,2
618,37,2
1102,88,4
498,54,4
154,41,5
1083,50,5
1313,32,2
633,55,0
87,59,3
36,58,3
1029,66,1
1136,67,1
1319,36,3
1129,72,0
132,85,5
79,54,5
434,80,2
1322,44,3
478,49,3
177,46,3
1299,67,2
581,38,2
227,51,1
1180,60,1
1151,85,1
119,88,3
406,85,3
339,72,0
510,43,0
381,47,0
1064,33,0
1017,65,4
18,34,5
774,55,4
684,101,0
116,58,4
1408,84,2
818,36,2
453,47,2
1426,34,1
813,53,3
687,75,3
377,101,3
558,81,3
1129,41,0
886,55,0
15,83,0
1270,60,0
526,52,3
1184,81,5
63,101,5
1344,52,5
172,38,4
909,89,4
988,78,4
581,45,0
349,45,1
134,86,2
264,67,3
959,36,3
200,69,2
139,100,0
1172,79,0
1303,41,5
990,81,5
627,72,5
1444,90,4
1320,32,3
479,50,3
974,34,1
892,73,5
331,96,5
939,98,2
904,96,5
1139,34,1
1446,60,1
1315,59,5
781,94,2
1414,68,5
1342,66,0
210,59,0
694,42,0
795,53,0
700,68,0
818,99,0
856,74,3
297,35,5
505,100,5
722,101,5
638,71,5
785,77,5
336,100,5
380,98,5
21,98,3
1152,79,4
564,72,4
1175,78,4
217,46,5
687,96,5
536,52,5
1024,35,0
784,82,2
242,49,2
635,82,2
1094,61,2
808,67,4
1272,86,0
1374,73,0
1181,65,0
640,82,4
1367,49,3
735,79,3
783,55,3
899,53,3
1024,55,3
1133,78,3
1132,48,3
1044,37,3
267,64,3
752,91,3
101,36,3
610,45,3
694,55,3
286,67,5
1132,54,3
1014,58,3
327,83,3
872,35,4
929,88,1
1344,102,1
147,79,1
658,89,1
842,99,3
672,88,5
617,84,1
961,69,1
1390,93,3
15,43,3
793,77,2
952,51,2
566,59,4
990,54,5
371,69,2
535,60,2
725,99,2
1418,84,0
1261,49,3
677,66,4
495,72,2
769,60,2
639,67,4
714,40,4
1007,75,4
1133,89,4
1344,55,0
432,62,0
749,94,0
939,62,5
1083,40,0
1395,83,0
1413,37,2
713,77,0
945,64,0
250,50,3
274,55,4
685,36,4
470,49,4
818,92,1
434,43,5
32,53,3
825,36,5
969,73,0
1391,63,0
180,46,2
310,66,3
495,64,3
800,92,3
670,73,1
342,82,3
1001,86,5
3,48,5
813,68,3
1132,95,3
672,97,2
1070,94,1
164,55,1
1389,65,1
117,47,4
323,40,4
110,74,4
879,46,4
428,54,4
1362,33,5
777,84,4
1123,100,3
894,52,3
1094,72,4
726,58,4
608,79,4
185,89,1
1296,102,1
175,46,5
1024,32,5
1401,32,1
1029,89,1
1326,56,4
1224,91,1
1089,46,4
286,56,4
277,60,4
211,65,4
583,87,4
323,47,4
1233,73,0
1366,90,0
489,95,4
966,66,1
1337,60,3
581,32,5
139,97,5
234,47,2
918,33,2
379,97,3
159,96,5
64,56,2
310,84,2
1389,93,5
338,101,2
1444,94,2
30,44,2
825,73,2
1059,52,2
901,68,2
1066,85,2
1165,51,0
610,59,3
617,54,3
987,75,2
938,42,2
1229,79,2
64,55,2
1402,72,2
1258,48,2
110,95,2
103,83,2
1253,85,4
1290,58,3
453,66,1
544,62,1
310,94,1
988,74,1
1188,95,2
617,57,2
180,55,3
1125,46,3
113,43,3
1164,41,3
1323,79,3
97,61,3
890,88,1
179,42,1
959,39,1
235,45,1
934,55,1
294,100,1
1392,81,1
1129,70,1
351,87,5
1132,44,2
396,90,4
854,91,4
82,88,4
1407,43,4
666,90,4
514,82,4
934,95,3
1234,94,3
609,72,3
317,57,3
379,81,4
1216,86,4
797,99,4
403,33,3
745,34,3
349,84,5
1348,63,2
1287,60,1
159,54,2
806,65,2
936,87,0
688,36,0
748,69,2
27,34,2
655,70,2
351,66,2
1329,58,2
633,77,2
1415,75,2
1039,98,3
1200,33,3
1090,76,3
116,73,5
66,38,1
1313,56,3
684,97,1
109,102,1
987,43,2
931,44,2
1361,97,2
701,68,5
114,75,5
1366,77,5
1339,58,5
411,80,0
990,101,0
1382,52,3
640,46,3
582,42,3
1401,45,3
248,46,3
377,72,3
655,36,3
394,70,4
657,78,4
180,33,4
68,61,4
694,71,4
748,94,1
1253,35,4
1199,32,1
182,58,5
1435,99,0
57,33,1
342,93,1
210,77,0
81,88,1
576,33,2
217,52,2
1296,101,4
376,77,4
380,66,4
664,93,3
1233,55,3
1014,69,3
1039,71,3
1188,88,3
1079,84,0
554,47,0
316,91,0
1265,67,0
815,91,0
36,67,5
890,37,5
136,95,1
205,101,0
1313,91,0
1199,75,0
677,57,0
583,96,5
1230,76,5
686,89,5
912,54,2
1039,72,1
1039,52,1
1267,86,1
274,44,1
583,76,1
838,52,1
834,62,1
633,40,2
116,94,4
927,70,5
1146,58,5
60,58,3
277,97,3
1184,35,3
170,97,3
1110,51,3
1217,59,3
977,53,3
363,61,0
617,56,5
362,71,5
41,72,4
36,92,4
959,81,4
1165,33,4
564,50,4
36,52,0
1447,77,5
539,94,5
1066,54,5
969,58,2
1169,87,3
1180,89,3
429,92,1
1286,84,1
317,40,3
291,92,1
388,44,5
1032,49,4
231,50,4
1104,78,4
51,75,4
737,57,3
495,85,4
1183,100,4
340,57,4
766,55,0
63,65,0
452,58,0
700,58,0
670,79,2
567,88,2
1139,57,2
1442,55,2
230,66,2
44,53,4
1365,57,4
657,49,5
1388,43,5
1068,80,4
87,44,4
330,101,2
609,101,2
535,89,2
869,93,2
1413,51,2
1165,77,2
229,66,4
595,56,5
927,88,5
1335,90,1
612,47,1
1326,70,4
1017,56,4
1,61,4
1390,91,5
356,48,5
251,64,5
522,42,5
267,87,5
1395,36,1
554,44,3
1041,100,5
498,39,5
240,97,5
1032,74,5
231,102,5
526,44,2
876,39,2
807,79,2
452,39,2
90,64,0
376,84,1
209,45,3
86,78,3
1280,49,3
884,51,0
1381,100,0
177,68,0
261,86,0
117,35,0
974,52,2
159,68,2
1299,101,2
1259,101,2
633,46,5
448,55,5
30,102,0
8,43,4
1350,38,4
1199,73,0
63,78,4
934,37,3
170,66,3
564,54,3
540,60,0
15,97,0
1276,48,5
310,81,5
1199,94,1
467,87,2
164,58,2
1023,50,4
701,34,1
553,95,1
412,84,1
373,42,3
796,58,3
339,53,3
625,93,3
602,82,3
862,98,0
362,39,0
1199,92,0
1061,52,5
1167,42,3
1012,92,3
686,68,1
991,51,5
484,79,5
479,65,1
1342,82,1
402,35,5
1041,94,1
384,33,1
522,96,0
1062,56,5
916,42,5
485,66,5
411,75,5
397,66,5
1326,39,4
469,93,2
1442,90,5
286,81,5
1395,45,5
783,56,5
229,64,5
450,75,5
536,43,4
1340,47,4
1012,91,4
963,35,3
388,59,3
235,96,4
1022,66,1
1031,58,5
573,82,4
1104,37,4
513,92,0
984,82,0
86,69,0
1326,67,0
369,73,0
608,65,0
1079,77,0
505,68,0
642,89,0
725,67,0
1309,90,0
132,95,2
224,54,2
786,61,2
1314,100,2
922,87,2
1309,48,1
164,47,1
1326,65,3
811,78,3
890,82,3
752,57,5
1087,80,5
477,55,3
709,81,3
641,67,3
82,92,4
1429,80,5
1073,53,3
618,74,3
402,79,3
903,94,3
1283,52,2
901,69,2
894,77,2
595,33,2
5,37,1
1087,66,0
1175,43,3
633,80,3
657,41,3
931,82,5
1322,53,5
340,35,1
1164,36,1
718,62,1
401,96,1
722,95,1
1378,44,1
1133,39,1
1367,84,4
568,84,4
886,63,4
59,43,0
1396,79,5
323,91,1
1179,64,1
951,55,2
1232,56,2
30,61,2
262,79,2
361,33,4
1007,101,4
674,96,1
218,44,3
220,90,4
1269,97,4
281,56,4
489,33,2
334,90,2
805,57,2
102,85,1
157,80,1
177,43,3
435,38,2
1138,102,5
1328,90,4
1034,95,1
103,96,1
1273,32,1
348,93,1
737,97,1
1165,58,1
795,92,1
672,65,1
1042,74,3
920,65,5
836,70,5
912,82,3
568,47,0
81,57,0
1300,45,0
477,99,0
1062,69,0
1328,47,1
1363,51,1
1258,36,1
211,85,1
1282,48,1
220,71,4
334,81,4
1252,63,4
297,94,4
1026,33,1
824,52,5
655,91,1
170,91,1
922,40,4
664,69,5
852,54,5
317,41,5
477,88,5
852,88,5
379,47,5
644,64,1
1447,95,4
1401,55,1
655,42,1
1273,74,5
802,33,5
1088,70,5
884,67,1
471,63,1
725,80,2
564,75,2
639,53,2
916,36,2
457,96,4
401,93,4
1326,64,5
1066,87,5
448,40,2
802,70,2
821,32,1
512,61,1
440,85,5
191,74,3
43,98,3
1299,88,4
317,35,3
164,64,3
265,64,2
1163,75,2
1301,65,5
79,47,5
21,70,5
180,99,0
1286,47,3
1023,83,3
180,86,1
1391,86,5
741,52,5
781,62,5
631,88,5
485,57,5
1012,34,5
564,59,4
1418,50,4
1402,49,5
181,37,5
1322,98,1
292,92,5
805,58,5
576,38,5
403,101,1
788,92,1
534,69,1
327,61,1
608,34,1
1034,64,1
851,78,1
277,71,1
1209,57,4
200,81,4
48,44,4
1389,42,4
228,78,4
1183,51,2
261,59,0
1030,71,3
886,87,3
1062,81,4
1146,44,3
1183,45,3
401,92,5
796,41,5
116,75,5
573,41,5
1210,32,5
1102,55,3
495,55,3
567,101,1
916,76,4
21,84,4
824,58,4
348,88,1
434,91,1
468,44,1
1389,91,1
307,38,1
267,52,1
47,92,1
391,42,2
994,70,2
158,52,3
1201,52,2
363,64,3
821,84,3
686,63,3
559,51,3
639,70,3
1444,71,3
859,66,1
617,51,1
1230,41,1
21,73,1
471,90,1
498,74,1
521,61,1
1414,81,4
1151,57,4
495,87,4
422,35,4
73,63,4
179,56,4
573,74,3
218,91,3
456,68,1
191,48,4
191,49,1
669,74,1
726,85,1
1229,89,1
1258,70,1
859,72,1
1444,98,0
1358,61,2
43,83,2
1031,47,2
1223,63,0
1401,46,5
1401,51,3
310,102,3
195,49,0
1342,77,0
787,97,0
1416,84,0
1129,67,0
250,54,0
745,82,4
541,50,0
101,73,4
1447,60,4
875,61,4
1264,73,4
435,35,4
979,84,4
481,102,3
1203,90,0
79,48,0
808,38,5
604,55,0
1173,68,1
32,60,3
1429,60,3
1309,100,3
694,49,3
1034,71,3
87,83,4
566,45,4
779,95,5
1180,90,5
144,71,0
293,57,0
691,41,5
377,44,1
894,71,1
101,40,1
482,62,5
1172,87,3
1435,66,3
1115,90,2
206,77,2
378,39,2
33,73,2
5,34,2
539,33,1
514,35,1
347,100,0
497,49,0
1203,66,0
512,32,4
1397,45,5
1363,56,4
687,41,4
179,83,2
264,64,2
677,67,2
441,66,1
56,93,0
391,96,0
860,45,4
535,85,5
718,68,1
1087,46,1
1382,101,1
1234,40,1
581,77,1
1333,102,5
32,100,4
218,61,4
1070,95,4
904,86,4
1001,53,4
1363,62,4
512,42,5
134,33,5
53,67,2
1182,102,2
379,92,1
514,33,1
466,80,1
378,36,1
1129,63,1
1059,69,1
732,98,1
1079,95,1
251,62,5
961,93,5
640,81,1
684,72,1
344,33,1
348,71,0
653,50,0
1340,88,0
1042,68,4
186,85,4
818,96,0
678,91,0
234,36,0
524,81,5
228,77,5
1407,49,5
69,86,5
1048,102,1
737,59,1
933,99,2
691,67,2
1073,62,2
448,102,3
948,97,2
779,56,4
195,32,4
854,88,4
1362,82,3
563,46,3
1269,96,3
688,32,3
85,35,3
67,52,0
593,90,4
672,39,4
1361,75,1
1385,45,2
1017,53,2
1053,67,2
180,79,4
961,67,4
102,100,4
468,93,2
1203,74,2
73,51,4
1370,77,1
1139,61,1
477,98,1
489,62,0
277,74,5
125,54,0
317,90,3
423,88,2
112,53,2
624,62,3
1339,101,4
811,70,3
347,81,4
391,102,4
139,89,1
805,38,1
457,99,0
340,74,3
1199,67,3
126,74,3
1007,91,2
1151,65,5
626,69,4
229,90,4
869,91,4
894,56,4
852,48,5
412,69,3
1408,70,4
277,102,1
909,71,1
383,46,1
978,64,1
270,101,1
219,39,1
531,100,4
20,74,4
205,52,1
1390,82,1
302,62,1
179,78,2
303,71,5
789,51,5
36,43,5
145,72,5
730,98,5
421,32,5
1407,69,1
348,82,3
59,99,3
1096,65,5
1208,79,1
877,74,1
677,76,1
936,42,3
46,33,3
147,46,3
586,69,1
618,82,1
211,45,1
638,92,1
1259,40,1
664,64,4
1442,34,1
1365,42,4
1301,36,4
101,69,1
38,72,1
711,100,1
235,62,4
1215,92,1
274,91,1
481,74,0
1392,58,0
183,100,0
1013,33,0
228,33,5
1234,79,4
1402,87,3
1348,89,3
183,35,2
884,53,4
700,65,0
1251,84,4
688,83,5
292,54,4
1251,62,2
1253,53,4
524,55,4
1380,73,3
1134,68,3
1036,62,3
1212,97,3
161,89,3
582,55,3
179,67,0
18,76,0
228,40,0
573,62,0
394,41,3
1367,86,3
766,79,3
766,65,3
1012,70,3
179,84,3
894,33,3
1041,32,1
1282,84,2
1416,81,1
396,89,0
1151,64,5
251,74,2
27,84,2
685,65,2
163,78,4
1017,49,4
422,48,1
455,56,5
1339,98,1
685,38,1
186,65,1
1362,93,1
1169,85,5
467,73,0
21,68,3
225,90,5
657,72,5
1392,69,5
983,80,5
267,51,5
250,102,4
784,44,4
624,95,4
672,83,4
1151,93,4
1269,39,4
27,40,4
1395,54,4
64,84,4
543,62,2
735,90,3
668,65,3
523,37,3
1230,34,3
702,51,3
577,38,3
164,88,3
602,93,1
423,86,3
330,73,3
718,40,4
842,69,0
457,78,0
195,72,0
1258,92,2
622,90,2
1248,56,2
414,67,2
248,63,2
1294,71,1
755,39,1
1126,33,0
452,82,0
744,89,0
510,88,0
2,84,0
43,59,3
998,32,3
484,58,3
43,56,4
1252,99,4
1258,53,4
154,54,1
1259,71,4
522,35,3
506,38,3
1001,79,3
955,72,2
1138,42,2
62,88,0
435,54,0
18,95,0
1150,34,0
998,100,5
1217,93,5
1255,78,5
1192,77,3
523,83,3
60,78,3
498,95,3
44,70,5
993,82,5
28,87,5
1358,43,1
989,32,4
303,67,1
959,89,5
622,102,4
1391,40,4
763,88,4
1447,84,1
1390,75,3
772,81,4
1139,33,4
137,67,4
498,71,5
1233,72,1
691,68,1
930,94,1
1172,91,1
57,94,1
348,41,1
1203,37,1
1397,78,1
127,51,1
440,83,1
132,102,0
773,101,0
1252,95,2
1077,54,0
1053,51,1
234,90,1
684,47,4
264,38,4
737,32,4
1365,84,3
1313,59,3
288,98,4
87,41,4
40,70,4
1251,67,1
836,40,4
1034,56,4
494,40,4
979,88,3
725,60,3
19,73,3
760,34,3
518,74,3
109,33,4
1273,78,4
1388,94,1
470,47,1
101,35,1
191,98,1
958,50,4
180,54,4
1376,82,4
821,50,0
102,46,5
170,64,1
453,81,1
890,83,2
30,58,2
969,75,2
627,59,2
132,73,2
173,75,2
540,98,2
1138,45,2
777,85,4
1059,96,4
1134,84,1
1429,38,1
38,63,4
70,66,4
362,81,3
805,41,3
1107,38,3
1410,95,1
633,41,2
655,99,0
859,38,0
805,34,5
581,90,1
1064,43,1
1125,61,1
399,38,5
543,70,5
460,62,5
1255,93,5
1200,72,5
1414,72,5
230,87,5
448,93,5
684,39,5
331,98,5
1339,35,5
277,76,5
109,37,5
110,91,0
826,59,5
523,43,5
69,91,5
1319,50,3
1043,88,2
48,90,2
725,92,4
158,43,2
173,67,2
625,60,5
622,77,5
1312,49,0
1251,45,0
383,72,0
983,52,5
181,34,5
856,95,5
524,71,0
838,81,4
813,41,4
26,79,1
864,33,1
399,97,3
1282,80,1
711,76,1
545,48,3
86,46,0
119,68,0
1272,85,0
448,62,4
791,101,1
1382,71,4
59,57,5
1382,40,5
641,42,5
903,77,2
1280,89,2
545,79,0
998,98,0
453,72,0
1329,73,0
801,92,1
167,53,1
498,32,1
1252,83,1
1032,36,1
879,65,1
1082,60,4
839,46,4
1383,56,4
46,32,4
1376,83,4
64,32,4
85,48,5
327,78,3
612,35,1
5,83,1
505,56,3
1337,65,2
477,42,2
339,73,0
198,60,4
615,90,3
260,70,5
787,54,5
316,49,4
541,96,4
1045,47,4
795,35,0
705,83,3
1305,43,4
787,81,4
262,81,5
1070,70,0
274,34,0
1323,39,4
886,56,5
249,102,5
991,42,5
1261,73,5
1151,75,5
1167,101,5
657,42,0
470,68,0
448,58,2
406,92,2
1290,48,2
1068,64,2
998,45,2
412,91,2
293,71,2
967,85,2
886,90,2
1033,100,2
666,83,2
230,47,2
608,94,4
1402,48,4
666,67,2
813,47,1
112,38,2
523,64,4
18,44,4
40,56,4
66,97,4
577,84,2
267,82,0
266,69,0
1305,53,2
930,67,4
1276,90,3
1181,68,3
270,53,3
1089,50,0
53,77,0
1251,52,0
1259,83,3
686,35,3
1320,86,3
904,45,3
1125,51,2
1303,67,5
1224,60,4
1096,63,5
713,58,1
699,41,0
86,82,5
890,47,1
1319,90,1
41,67,1
568,50,1
615,97,4
1316,44,4
1210,71,4
1416,58,1
53,82,5
834,90,5
1020,98,1
363,75,5
1230,88,5
1272,89,3
1270,45,3
805,94,3
1314,86,4
369,81,4
1134,87,4
524,59,4
898,94,2
82,99,2
86,86,2
991,95,1
743,53,0
1401,87,0
1444,53,0
19,68,0
817,83,1
1283,94,1
466,82,1
1381,61,4
132,48,4
500,84,4
468,101,0
1282,36,0
102,73,0
1012,54,0
394,45,0
1145,32,0
297,61,2
288,89,5
1303,52,5
522,32,3
1393,70,3
1126,55,2
26,41,2
534,56,2
1169,47,2
33,82,3
969,48,3
239,96,5
133,66,5
649,66,5
1102,69,4
408,88,4
998,71,4
224,50,3
1108,56,3
603,97,3
802,34,3
691,87,1
1315,32,1
70,36,2
145,81,2
859,47,1
1447,86,2
735,57,1
615,74,1
294,50,2
381,32,2
666,92,3
1320,64,3
497,99,3
119,75,3
403,50,2
456,99,4
154,60,4
1083,44,4
489,38,4
41,33,4
1407,56,4
1383,71,4
27,53,4
1235,84,2
1340,64,2
941,92,4
602,37,4
984,94,4
1319,87,4
633,35,4
195,94,4
1068,54,3
1042,88,3
427,67,3
1087,74,0
43,88,0
1068,85,0
1210,35,4
989,91,4
802,72,1
802,61,1
668,95,1
1413,73,0
663,56,5
518,93,5
972,68,1
1234,92,2
80,86,4
603,32,4
281,81,0
1029,32,1
59,68,1
726,43,1
795,48,0
735,55,0
1322,63,0
1031,42,1
1164,74,1
1123,38,1
624,49,2
439,47,2
1145,56,2
617,55,2
170,82,2
1385,99,2
892,65,2
1094,95,2
1374,63,1
310,79,1
525,33,0
70,75,0
495,80,4
175,37,4
685,101,5
595,45,5
101,71,5
608,90,1
516,32,4
289,85,1
1134,65,0
136,91,2
1314,40,4
1032,83,4
763,93,4
54,91,4
411,46,4
1,102,5
702,71,5
167,50,5
962,101,2
1102,58,5
320,40,4
1434,35,4
1267,79,4
938,55,1
1014,41,1
460,52,1
242,80,2
471,66,5
1246,70,3
789,83,3
1446,61,3
1042,62,3
8,59,3
929,42,4
474,55,4
467,62,4
218,60,0
862,55,0
760,88,4
327,58,4
987,77,4
1164,92,4
1408,91,4
1180,71,3
875,50,0
15,75,4
1413,32,4
938,47,4
1087,82,2
948,94,4
1326,71,1
893,47,1
1388,34,1
984,33,1
103,82,2
43,39,2
627,39,2
535,39,1
818,91,3
974,95,3
637,50,3
1393,64,3
1305,78,3
922,73,3
672,72,4
760,94,5
1286,33,5
427,101,5
364,102,5
43,49,4
625,35,4
85,47,4
489,60,5
505,98,5
769,70,5
345,67,0
595,62,5
595,78,5
30,94,3
713,86,4
564,64,4
743,40,2
1012,61,3
807,71,3
251,79,0
1048,93,0
1151,54,1
902,55,1
346,70,1
1104,51,1
1021,36,1
1230,45,1
821,38,1
489,73,1
647,49,1
760,47,4
114,99,4
1235,63,4
578,85,4
711,45,4
1061,37,4
345,92,4
1082,62,0
478,35,0
796,77,0
79,86,0
97,74,5
96,70,1
334,91,2
813,36,2
817,97,2
1290,33,2
990,50,2
1443,85,2
362,48,2
307,78,2
1001,76,5
811,45,5
834,74,5
903,91,2
912,59,2
474,37,2
963,100,2
34,101,3
595,72,4
1344,72,4
35,35,4
1200,42,4
19,54,3
68,52,1
599,74,5
283,92,5
1328,96,5
90,78,1
1035,99,1
994,99,5
659,62,1
566,34,1
283,64,2
119,102,3
898,32,3
851,74,3
1013,98,3
640,45,5
524,52,1
513,58,1
708,38,1
1035,77,5
1097,79,5
531,52,5
903,89,4
338,100,5
270,96,5
1016,44,0
1407,34,0
235,79,3
752,88,3
614,59,3
948,102,3
1048,49,4
489,99,4
918,68,0
79,84,1
820,57,1
641,65,5
521,99,0
132,41,3
3,33,3
1442,39,0
1107,40,4
248,83,4
164,84,4
644,94,0
817,64,4
631,89,4
1375,89,4
1146,87,5
1169,36,2
1209,87,5
373,35,5
1179,75,4
1223,37,2
416,43,2
56,33,2
747,85,3
391,53,3
66,88,3
991,53,3
1023,81,2
1316,78,1
983,76,1
1029,92,1
948,40,1
556,46,1
787,48,1
1184,53,1
147,102,2
495,92,2
265,57,2
1012,48,2
739,59,2
482,86,2
700,69,2
938,52,2
789,101,4
63,95,4
966,94,4
1414,38,4
737,37,4
1023,54,4
126,46,4
1251,99,3
361,54,1
663,80,1
1045,40,1
1152,96,3
744,82,3
1329,71,3
1363,69,3
672,54,3
806,51,3
467,99,2
338,38,2
119,42,2
578,32,3
718,95,3
817,90,3
36,89,5
1043,39,5
489,89,2
582,72,2
1280,44,2
21,55,0
456,69,0
1031,70,0
24,38,4
795,99,4
281,51,0
27,82,0
456,54,0
826,91,0
832,43,2
562,65,0
638,73,2
441,71,2
951,64,4
500,35,1
267,45,5
281,74,2
699,39,3
819,61,3
220,40,2
86,44,1
988,101,3
1446,69,3
1415,77,3
380,67,1
1406,86,1
856,66,5
939,41,5
635,40,5
41,62,3
56,72,3
1036,53,3
162,46,1
969,80,3
48,43,3
770,47,5
379,68,1
644,100,2
1350,90,5
1234,65,5
1088,65,5
598,81,5
666,76,4
134,55,1
1212,98,1
1319,42,1
640,83,1
722,65,4
908,57,2
556,55,5
593,57,5
941,72,0
626,86,2
297,64,0
967,63,0
294,96,2
297,74,2
1335,43,2
674,33,2
605,85,2
583,37,2
854,60,2
495,32,2
663,46,0
610,97,0
1104,32,1
1164,88,1
248,85,2
1272,92,3
936,95,3
407,75,3
1101,32,4
699,62,4
513,63,4
1087,99,5
408,93,5
411,82,5
722,58,5
908,62,4
1399,73,4
302,39,4
1091,66,1
1151,33,1
797,71,1
363,93,1
787,98,5
705,43,5
1020,68,5
294,82,5
735,65,5
1138,89,1
1323,75,5
1212,47,5
40,51,5
1248,53,5
691,36,5
234,49,5
119,41,0
752,62,0
989,47,0
239,67,0
292,64,0
737,92,0
173,53,0
423,64,1
618,83,1
610,60,2
119,98,0
224,95,0
749,80,0
1200,37,4
1032,65,4
1125,48,3
617,66,3
1443,84,3
750,38,3
641,47,3
498,101,3
396,51,1
699,102,4
1102,96,1
371,43,3
722,102,3
34,43,3
1290,47,4
200,51,4
371,73,5
856,53,1
1397,51,2
581,54,5
689,101,1
531,90,1
728,40,5
784,85,5
662,65,0
605,52,1
406,61,5
1404,41,5
267,92,5
462,52,5
872,73,5
399,50,5
1233,70,5
722,74,3
348,61,2
450,69,2
24,77,2
1381,66,2
864,36,2
21,86,2
93,59,2
892,51,3
1045,64,3
482,90,3
427,99,1
967,38,2
249,49,1
1073,87,1
788,67,0
1305,97,1
1414,84,1
317,102,1
1022,84,1
1070,66,1
556,82,4
1224,96,2
277,67,2
1385,37,2
230,89,4
113,82,3
1414,73,3
972,102,3
1134,80,3
525,58,1
979,39,1
969,93,1
895,89,1
678,99,2
903,47,2
1079,90,2
912,69,2
832,78,2
125,44,1
904,33,3
1281,46,3
429,44,0
1370,35,0
536,66,0
414,84,0
70,72,0
1378,37,1
624,51,0
423,102,0
893,45,0
154,39,0
1012,86,0
633,78,1
1265,47,2
895,35,2
562,57,2
1066,75,2
371,65,2
235,74,2
838,79,0
407,80,4
535,101,5
791,50,5
1183,73,5
568,41,5
884,69,0
800,95,1
49,62,0
892,34,0
605,40,1
1101,92,4
735,98,4
1246,50,4
510,89,4
1305,62,4
1426,66,4
899,54,0
1218,73,4
728,37,4
1316,101,5
161,91,5
979,75,3
90,89,4
1183,46,3
35,72,4
494,32,4
574,45,4
961,99,4
427,100,1
316,60,3
1340,54,2
631,50,2
381,97,2
1167,70,1
40,73,4
303,75,5
818,84,5
439,68,5
1017,59,5
958,90,5
672,52,2
186,93,2
1208,100,2
583,35,2
604,40,5
1419,87,3
1082,97,4
815,58,4
955,70,0
1445,102,5
952,56,5
1443,102,5
1434,57,5
21,35,5
229,88,4
755,38,2
251,52,3
99,44,3
563,54,2
8,40,3
30,70,3
209,38,3
1290,54,0
677,54,2
991,35,3
687,66,5
62,33,5
291,88,5
1257,97,4
1068,60,5
60,36,5
705,79,5
1253,74,5
1258,58,4
369,55,4
265,54,3
35,63,2
945,63,5
518,69,1
952,59,0
448,48,5
512,69,0
494,63,4
739,73,4
346,62,4
158,38,4
856,64,4
541,48,2
609,59,2
344,52,2
1268,87,3
864,57,3
1290,85,3
250,45,3
1333,52,1
231,77,1
1031,91,1
63,46,5
544,54,5
5,65,1
186,94,1
154,87,1
1139,93,1
779,39,1
489,72,2
1020,39,2
657,102,2
1412,34,1
1154,101,1
416,98,1
1218,65,1
1393,76,0
635,35,1
513,94,1
1017,90,1
364,79,0
60,86,4
1268,54,1
1269,83,3
79,42,3
1031,65,3
1408,96,1
974,47,3
103,41,3
859,99,5
788,59,5
274,100,4
894,64,4
339,40,1
260,42,0
466,72,5
1020,78,0
1382,93,0
330,80,0
1089,71,0
941,95,3
403,58,3
755,89,3
615,98,0
521,56,0
702,53,4
64,81,4
1413,78,4
904,85,2
569,59,2
773,48,2
745,35,2
795,96,2
1200,92,2
545,60,4
1089,101,0
1014,76,0
1167,62,3
64,67,3
1330,41,1
294,84,1
373,36,1
450,100,1
939,35,4
577,60,4
1041,56,4
27,102,1
807,61,4
1429,34,5
294,80,5
937,53,5
820,60,4
283,101,4
556,41,4
288,41,1
642,83,5
1435,47,4
711,87,4
1267,37,5
1033,45,3
260,80,3
966,67,3
822,59,5
331,82,3
363,63,1
961,102,1
161,54,1
839,96,1
1413,62,1
975,42,2
622,54,2
885,99,2
513,95,2
938,32,5
97,56,5
455,59,3
162,81,5
335,72,5
1192,79,4
477,50,4
186,34,4
470,92,1
439,67,4
356,53,4
1152,84,4
277,73,2
32,97,2
773,63,2
1229,70,2
1203,46,4
967,95,3
1209,47,3
323,44,3
242,40,5
948,42,5
1180,69,5
984,76,5
33,41,5
383,92,5
554,52,5
330,52,5
898,42,4
40,100,4
1179,62,1
904,54,1
440,49,0
417,74,0
989,89,2
908,88,2
855,57,2
577,69,4
631,41,4
1089,95,0
815,55,0
97,70,5
1303,97,5
709,66,5
795,47,5
674,93,2
173,64,2
1397,36,0
1064,93,4
988,94,0
250,73,0
677,51,0
1079,94,0
1150,45,0
1033,91,5
81,77,5
990,45,5
1314,82,5
1253,81,1
1265,76,2
1151,67,0
163,58,4
427,57,2
1033,69,2
185,95,2
562,77,0
1401,80,3
1021,94,3
663,70,3
750,62,3
988,32,3
471,55,3
1215,66,0
1068,70,0
1333,32,0
348,76,1
670,32,0
1082,74,1
388,94,1
1395,38,1
53,58,1
62,32,4
1082,92,4
83,32,5
1447,85,5
415,34,5
677,83,5
1229,87,4
1302,75,4
1418,82,4
969,62,5
1154,74,5
1089,96,5
5,44,5
1218,41,5
1446,45,5
91,48,0
966,78,0
1392,76,0
791,44,5
1068,47,2
624,65,3
294,79,3
895,87,2
26,44,0
955,37,0
773,92,3
802,57,2
948,76,2
1179,34,2
40,82,2
24,57,3
440,77,3
815,88,5
1150,35,5
933,95,2
1232,74,4
250,92,4
732,93,4
1123,64,4
899,49,4
1164,64,4
283,100,4
1165,61,5
306,67,5
714,42,2
33,36,5
57,57,0
277,36,0
96,82,4
484,89,4
664,37,4
605,62,4
966,96,4
421,72,4
1339,78,3
391,32,3
105,42,4
181,35,4
1215,80,4
847,87,3
1033,47,3
731,100,0
681,45,0
434,76,5
1390,80,4
1023,92,4
937,81,4
505,34,2
380,62,2
1301,98,5
242,68,5
1388,61,5
1259,44,5
1114,70,3
34,102,2
198,40,2
266,62,2
784,43,5
903,75,5
1314,46,5
117,96,5
1020,49,5
310,73,0
739,49,0
1326,43,0
302,100,0
955,86,0
432,88,2
195,52,0
440,95,0
239,77,2
832,59,2
1399,65,0
991,100,3
361,79,4
1447,39,4
303,48,4
1296,57,0
205,47,4
750,83,3
1375,78,5
1216,70,5
1077,37,3
41,100,3
1114,35,5
46,99,5
1208,50,5
1146,33,5
316,70,5
67,59,5
553,90,5
618,50,4
470,90,4
440,63,4
264,37,4
440,51,4
317,34,2
655,80,2
265,58,2
1115,65,2
573,58,2
364,75,4
177,74,4
536,59,4
24,45,4
1290,91,3
477,57,3
1352,35,4
930,77,2
662,63,2
1272,94,0
127,41,0
772,65,5
774,93,5
1406,83,2
381,99,1
1339,91,4
1361,74,4
133,75,5
750,70,2
302,90,2
1217,82,5
855,93,0
1445,97,0
769,38,3
1032,45,3
1059,42,3
875,56,3
791,57,3
498,96,3
99,79,3
293,45,3
686,38,3
1266,41,4
378,80,0
1244,44,1
416,54,1
558,37,0
1299,48,0
1407,99,4
1030,69,4
877,102,2
800,86,0
144,66,0
1079,70,0
1101,48,1
1300,44,1
453,61,1
1048,65,1
209,55,3
87,32,3
852,97,0
737,49,0
987,65,0
1035,74,1
1114,74,1
745,80,1
1208,48,1
57,68,1
834,39,5
191,73,5
955,51,2
864,86,2
708,69,2
512,90,2
1429,33,1
331,89,1
323,54,1
87,79,1
1280,47,3
700,96,3
1344,101,4
951,79,5
401,100,5
994,56,0
783,85,0
93,60,0
624,60,0
633,102,3
702,46,0
1444,33,0
1013,50,3
289,39,1
346,56,1
56,44,1
711,101,3
185,101,4
612,73,4
310,101,1
726,86,0
481,98,3
535,83,3
142,56,3
558,54,3
1333,50,5
568,74,5
581,93,5
708,74,5
56,68,4
378,97,4
24,99,4
929,98,4
967,71,4
963,63,4
1393,36,1
892,99,1
800,91,4
1016,78,4
781,90,1
64,69,1
303,102,1
407,100,1
67,97,1
96,90,1
939,78,1
27,72,2
36,64,2
609,47,2
261,50,2
114,47,2
116,82,2
1087,45,2
573,80,4
102,92,2
817,81,2
179,49,2
820,61,4
349,39,4
181,62,4
797,56,2
281,96,3
1146,64,2
1133,68,1
702,93,0
791,75,0
1266,50,0
457,95,0
4,95,0
898,34,0
109,99,4
899,86,4
323,41,4
1208,65,2
24,102,4
167,39,2
820,70,2
637,87,4
899,92,4
1410,52,4
1328,70,4
811,96,4
147,75,3
1383,58,3
349,65,3
264,52,3
1041,75,3
68,64,2
218,33,2
1016,95,4
47,98,3
974,49,2
1110,42,2
52,47,2
402,91,2
4,66,3
8,74,3
826,98,3
1252,65,1
913,73,1
689,97,2
101,81,2
984,72,1
407,46,1
101,72,5
288,70,5
1172,46,2
246,64,0
513,99,4
330,39,5
641,77,5
718,91,1
658,61,1
1092,34,4
1339,100,4
1169,77,5
1264,53,5
1036,86,2
434,85,0
856,37,0
1092,59,4
852,41,4
781,99,4
265,66,4
1034,94,3
1235,70,3
484,73,3
797,72,5
477,87,1
67,99,1
261,67,1
1390,69,4
893,87,2
1096,72,4
948,71,2
1302,51,0
1418,73,4
429,35,4
938,85,1
62,87,1
1138,83,1
712,77,0
1337,35,1
133,49,1
609,62,2
247,81,1
1216,53,4
755,96,4
972,79,4
524,99,4
1175,75,4
1075,84,4
1108,78,4
1380,98,1
1286,69,1
388,50,0
739,84,0
186,97,1
177,32,1
342,90,1
24,34,1
1064,40,1
567,50,1
912,98,3
1034,83,3
144,64,1
162,96,1
91,55,1
847,67,1
568,67,3
912,58,3
604,62,0
1125,54,0
1314,87,0
885,89,0
1044,94,0
1340,34,0
894,49,0
1175,46,2
931,77,2
543,36,4
872,81,2
855,33,2
416,48,2
1361,41,4
766,99,4
788,70,3
41,76,0
53,57,2
303,74,2
1150,69,0
81,73,0
864,71,0
484,42,2
777,77,0
397,48,0
421,63,2
988,57,2
876,54,1
637,45,3
32,61,3
1234,39,5
1335,78,5
1179,78,1
541,77,1
415,98,2
984,101,2
281,52,2
847,82,2
805,63,2
1061,61,0
200,92,0
1217,61,0
26,55,3
608,59,3
1320,96,5
69,39,4
1125,65,0
163,71,0
8,78,3
86,62,5
862,71,5
170,53,5
183,69,5
113,60,4
1126,83,0
979,66,0
1035,82,0
1201,44,0
1235,87,0
294,33,3
1163,33,3
1091,86,3
573,70,3
666,78,4
383,36,4
614,71,4
1044,63,4
181,54,4
1300,98,4
1218,48,4
173,85,3
1090,86,3
224,84,4
1229,55,1
961,65,0
752,101,0
748,40,0
983,89,0
224,53,0
672,33,2
93,78,1
314,42,0
1224,100,4
1440,62,4
457,49,4
1366,98,3
864,90,1
1326,100,2
916,102,2
1216,32,1
494,58,2
608,41,2
617,100,2
598,102,2
1396,50,2
1391,93,1
220,65,1
728,94,1
1416,90,0
484,77,0
694,36,4
1350,46,1
1309,32,4
1385,33,4
134,57,4
749,54,4
617,81,0
553,75,1
979,99,4
323,84,2
434,92,2
1333,70,2
90,57,4
553,60,4
427,44,0
1007,47,2
603,70,2
399,71,5
28,61,1
540,94,5
637,41,5
170,75,5
427,76,1
1326,88,2
1042,75,2
73,64,2
744,88,0
303,43,0
732,50,0
229,32,5
159,98,5
317,94,5
230,37,4
877,59,4
702,72,4
641,55,4
1020,41,1
142,81,2
63,42,0
669,45,0
446,66,1
938,79,1
267,89,1
647,100,1
522,47,1
510,56,1
349,44,4
639,33,4
994,69,4
114,49,4
514,62,4
918,70,4
170,51,4
892,68,4
772,84,1
283,39,0
415,32,0
822,49,0
360,72,1
1374,80,1
101,54,2
969,32,0
63,85,4
364,58,4
605,47,4
344,90,5
1104,84,5
1224,38,5
218,67,5
311,46,5
32,63,5
1039,47,3
103,40,3
1396,101,0
1045,85,5
1315,74,2
90,42,1
1014,75,4
641,92,2
408,34,5
718,56,5
126,86,4
563,100,5
1030,55,3
901,61,1
1087,56,1
399,65,1
183,83,5
41,56,5
577,64,5
524,69,3
894,75,3
1188,60,3
516,64,1
1397,89,4
1131,56,1
604,50,1
974,84,4
1134,51,4
941,57,4
1125,72,4
314,76,4
1181,64,4
364,68,4
1313,55,2
1150,87,5
66,86,2
1374,43,2
779,102,4
110,34,4
82,72,4
731,94,3
1414,39,3
599,97,3
60,44,4
663,67,5
32,64,3
134,69,0
755,57,1
805,55,2
948,101,2
653,71,0
1126,65,0
674,60,0
1287,81,0
754,53,5
345,77,0
884,60,0
523,58,0
1374,89,0
248,97,0
1253,93,0
834,87,0
112,60,0
1326,62,3
384,98,4
345,64,4
614,60,4
142,35,4
181,66,2
52,77,3
1090,85,3
966,46,3
644,61,4
412,54,5
277,93,5
536,69,5
1164,94,5
112,78,5
895,57,2
559,48,5
347,85,1
781,102,1
1328,53,1
510,48,2
20,78,2
448,73,5
364,51,0
397,41,0
428,75,0
689,94,0
125,83,0
801,75,0
1233,75,2
573,92,2
627,44,2
1199,39,4
1268,98,3
931,76,3
3,59,3
469,35,2
1123,51,3
754,50,3
569,75,3
30,42,3
173,46,3
1013,38,3
1397,64,3
773,34,3
653,76,3
553,101,4
383,37,4
133,88,5
1026,78,5
227,39,1
1172,96,1
735,51,5
605,42,3
967,32,3
18,38,3
689,92,3
1043,80,3
554,37,3
904,52,3
1,46,1
80,48,3
712,82,3
1232,75,3
998,47,3
159,52,3
1203,70,2
455,86,2
1269,63,2
294,76,5
708,84,1
1192,75,4
54,44,0
396,44,5
952,68,5
685,102,2
1044,66,2
440,43,0
1218,39,0
1443,73,0
700,63,0
380,42,2
1184,46,2
262,89,4
34,33,4
396,92,0
1163,98,2
955,85,2
1179,85,2
117,62,2
700,85,2
267,84,2
966,84,2
825,87,2
1377,47,2
573,85,2
1212,32,3
396,54,5
378,57,5
38,62,5
1154,85,4
1378,100,4
230,63,4
952,67,4
371,98,2
103,43,0
288,71,0
1167,50,1
1115,92,5
1339,75,5
1073,73,5
1276,89,2
302,79,0
931,73,4
774,95,2
1097,88,0
702,35,0
1007,56,0
46,86,0
1088,99,0
524,45,1
8,41,1
987,42,1
478,64,4
602,91,4
147,94,4
407,83,5
1303,46,0
230,58,0
1134,56,0
415,72,0
159,83,0
815,60,3
1374,92,3
1043,35,3
1091,98,3
963,40,2
412,83,2
86,79,1
941,52,0
457,61,0
1053,74,0
1212,99,0
1366,83,0
872,49,0
336,86,0
1399,46,4
1342,36,4
1232,59,5
1150,50,5
658,94,5
1083,96,2
938,73,2
70,64,2
1266,42,4
1138,68,4
1393,63,4
605,32,4
927,51,3
383,88,3
959,53,3
1272,67,3
468,81,5
1333,93,5
1090,32,0
1378,78,5
466,76,5
1014,91,3
783,58,0
674,51,4
220,43,4
582,52,4
317,63,4
1040,38,4
1014,86,4
63,94,4
180,53,3
668,94,4
567,90,4
859,41,1
1408,74,0
681,60,0
1088,35,0
808,92,3
1382,66,3
1210,37,3
484,48,2
822,60,2
1255,57,4
838,54,4
1326,96,4
649,102,4
1445,55,4
3,62,1
235,70,0
773,102,2
379,74,2
428,99,2
777,45,4
351,100,4
847,75,4
851,91,5
82,93,5
731,53,0
1102,65,0
230,101,0
777,67,5
1182,48,3
181,77,5
24,74,5
183,91,5
349,69,5
335,101,5
4,88,2
384,48,2
91,78,2
1013,36,2
24,72,2
41,84,2
769,32,2
114,64,2
113,49,2
688,40,0
987,40,0
670,65,4
1030,81,4
1289,96,3
1048,67,3
797,67,1
1053,61,1
818,41,3
604,97,2
1322,82,2
1348,77,2
879,71,2
85,85,3
225,32,0
1134,93,0
163,82,0
625,63,0
1216,74,3
1374,56,4
1210,99,4
103,33,4
1133,72,4
909,98,4
959,66,4
378,50,4
989,56,5
1138,74,0
1212,50,0
1223,55,1
812,36,1
484,53,2
500,82,2
963,43,2
456,87,2
401,73,2
1126,61,2
495,75,2
103,100,2
877,65,2
860,91,2
712,84,3
1390,49,1
1370,98,1
637,53,1
64,50,2
127,102,3
346,90,3
1208,91,3
890,89,2
432,86,2
1287,71,4
836,87,4
1362,40,1
536,67,1
876,65,5
56,46,5
175,39,4
1316,70,4
1114,84,2
32,94,2
91,58,2
535,40,1
224,86,1
718,59,5
536,90,5
1232,92,2
338,34,4
631,99,3
1266,101,3
448,36,5
185,84,5
1391,65,5
662,64,3
185,77,3
627,35,5
786,67,5
1096,78,5
342,68,4
617,82,4
1201,99,4
283,94,1
739,58,4
685,58,4
267,41,4
116,101,4
1329,51,4
984,35,4
817,50,2
40,93,2
653,94,5
154,65,5
984,44,5
859,93,5
1201,65,5
242,48,2
581,78,2
136,70,1
348,46,1
344,57,1
806,94,1
637,49,1
743,89,1
705,48,5
609,74,5
34,37,1
224,72,1
988,66,1
441,85,1
901,52,1
913,82,1
855,88,4
1380,86,4
739,72,4
722,81,4
564,48,3
62,70,3
583,83,3
179,51,4
478,67,4
1344,99,1
1035,41,0
1164,67,4
1415,50,4
904,81,5
210,73,1
1248,52,1
69,56,3
583,34,3
807,59,3
1340,87,3
1151,86,3
791,66,3
812,77,3
161,73,3
1192,63,4
303,66,4
769,61,3
582,37,1
435,85,1
344,75,5
1366,42,1
598,57,0
364,47,0
477,93,3
342,39,4
1150,48,0
1404,60,3
339,60,1
147,78,1
774,64,1
705,66,1
1363,91,1
610,82,5
638,58,5
523,39,5
281,50,5
893,80,5
391,59,4
1244,99,4
469,37,2
1358,65,2
1125,36,3
1061,74,1
62,100,1
219,93,1
1259,63,5
1096,39,0
598,91,0
1402,68,1
1443,47,1
819,82,3
1021,50,3
1248,101,5
1139,69,2
453,77,2
1429,56,5
302,37,5
68,59,5
955,76,2
655,83,4
262,58,4
892,60,4
739,88,4
1017,48,4
701,81,4
730,88,4
1390,95,3
812,54,3
435,70,3
20,98,2
1363,84,2
603,69,2
1388,44,2
670,68,5
1402,41,2
1286,35,2
807,33,3
1414,97,3
1289,61,5
1035,85,5
582,46,0
791,48,3
638,63,3
185,99,3
145,90,3
262,80,3
826,49,2
1352,61,3
32,75,3
460,41,3
349,59,3
959,61,4
289,100,4
1415,86,4
1188,72,4
743,35,5
457,74,5
43,38,2
760,51,2
247,51,2
558,51,2
1330,58,2
779,83,4
49,101,1
377,43,2
292,74,0
446,85,0
80,92,0
815,95,1
1290,46,1
1389,40,1
760,53,1
523,62,1
1283,86,1
725,78,1
1013,68,1
478,48,2
1404,32,2
566,62,2
1104,92,2
161,77,2
609,75,2
500,32,3
681,58,3
1259,80,3
573,101,3
1314,67,3
1022,52,0
132,43,0
539,48,1
639,87,1
497,50,1
383,99,2
991,57,2
1259,36,3
484,93,3
161,74,3
53,46,3
342,50,5
235,89,5
1088,78,1
783,63,2
1301,56,2
378,58,2
219,45,2
79,33,4
455,57,0
220,52,0
1382,83,5
336,54,5
854,48,5
262,87,0
564,69,0
909,55,0
49,54,2
346,63,0
788,34,1
1302,33,1
1276,58,2
1344,87,4
1132,52,4
1375,86,4
1200,55,4
401,72,4
1300,51,0
136,41,0
1024,70,0
246,97,0
2,55,3
681,80,2
1145,52,2
1016,67,2
1040,59,2
644,57,5
1359,68,5
898,93,5
132,65,5
1330,101,1
666,101,1
172,37,5
229,41,4
624,86,4
1335,89,2
784,87,0
1410,66,0
699,70,0
219,58,0
86,37,0
1314,88,0
346,72,0
348,86,1
735,102,1
453,97,1
1289,49,1
200,101,2
1053,50,2
1088,61,2
864,77,2
578,78,2
460,68,2
694,64,2
1280,32,2
983,61,2
154,89,0
797,32,4
1300,33,5
800,77,5
1169,41,5
573,91,5
482,45,5
1158,63,5
735,62,4
434,69,4
763,59,1
1267,61,1
819,89,1
381,34,3
516,84,3
346,51,3
644,95,3
895,43,3
1261,62,3
899,94,3
522,57,5
235,98,5
1261,47,5
170,33,5
8,70,5
1268,44,5
662,81,5
612,86,4
439,40,4
1041,36,5
638,100,2
1340,77,5
1429,69,3
659,79,3
1108,72,3
670,38,3
456,49,3
1315,38,3
554,32,3
732,100,5
945,69,4
811,34,4
1381,46,1
408,79,4
694,98,1
526,90,1
1283,84,1
779,79,1
1082,94,1
384,83,2
1416,78,1
714,44,1
993,78,2
1418,52,4
677,74,5
689,52,5
912,63,5
602,90,5
235,51,5
812,67,5
512,70,4
338,81,4
773,81,2
1419,43,3
317,98,3
1108,96,3
448,50,3
93,81,3
962,58,0
747,62,5
494,60,5
523,96,0
200,93,3
1299,69,3
242,100,5
922,78,5
1447,38,5
1244,75,5
713,34,5
540,71,5
1235,86,5
1378,45,3
811,86,3
62,92,3
1283,80,0
1232,46,5
1133,99,5
1129,58,4
1333,87,1
1294,53,1
26,92,1
556,81,1
1036,60,3
1114,49,3
383,43,3
489,101,1
59,83,1
876,77,4
1377,44,5
1201,32,0
1309,84,5
198,41,3
316,66,3
270,87,4
364,57,4
1134,76,0
1312,60,3
898,60,3
1045,49,3
113,37,3
670,45,4
937,74,4
800,39,4
1416,59,0
47,71,4
818,61,5
1267,67,3
1429,57,4
895,37,2
1235,45,2
705,68,5
795,91,1
1272,34,2
615,54,2
82,77,2
91,73,2
1104,71,2
1283,33,3
495,70,5
836,82,5
1268,33,5
1337,82,2
524,35,2
172,35,2
1096,60,0
482,41,0
567,89,2
54,97,2
991,59,2
137,40,2
335,42,0
1132,102,0
966,37,0
311,58,5
303,60,5
647,52,5
1087,84,3
35,74,3
638,40,3
1139,35,3
786,44,1
819,94,5
593,81,5
993,53,0
1290,49,0
569,89,0
934,73,0
582,87,0
1316,53,0
167,86,0
568,37,0
819,47,0
1303,54,2
1233,76,0
119,65,0
1118,78,5
1365,71,1
994,90,5
1316,45,5
916,60,5
1280,45,2
731,83,4
864,62,0
993,89,0
1235,35,0
262,37,0
83,47,5
1089,57,4
955,59,4
669,75,4
40,97,0
1232,65,5
260,79,2
1062,32,2
497,85,3
1123,76,3
470,65,3
91,51,5
471,58,5
363,62,5
117,95,2
338,89,2
1,45,4
674,90,4
952,35,4
137,46,1
1270,96,3
407,89,3
1123,69,3
1408,72,3
434,88,3
175,68,1
394,87,2
788,66,2
242,61,1
1107,84,4
1391,69,4
286,79,1
90,38,1
112,36,1
1335,49,1
21,96,1
1366,85,2
769,81,2
1305,55,1
576,92,1
684,32,4
732,81,4
807,75,3
749,63,2
1289,97,2
378,88,2
523,92,2
1032,68,2
681,78,2
1059,71,4
640,88,4
1418,102,0
582,74,1
1264,97,0
1418,57,5
705,76,5
351,72,5
86,80,2
978,57,2
198,96,2
1283,46,2
1090,41,0
797,95,0
1066,65,0
391,50,2
113,96,2
1043,70,2
1053,101,2
1255,84,1
188,82,1
522,48,1
145,68,1
1230,38,5
126,95,5
340,64,5
659,68,5
1016,40,5
422,54,5
64,40,5
1415,91,5
334,41,3
998,97,1
819,90,5
113,44,2
1102,99,2
936,71,2
246,92,2
1152,64,2
342,49,2
376,42,2
457,42,2
1316,100,2
1401,50,2
1212,52,2
52,38,1
101,97,0
62,79,3
264,92,5
327,53,0
1123,77,0
1192,54,5
709,42,5
1146,98,5
172,41,5
1091,78,5
1044,97,0
110,100,1
1007,100,1
227,65,2
157,72,4
825,80,4
163,95,5
936,80,5
936,96,2
348,57,2
766,74,2
86,39,0
808,41,3
728,42,3
1350,37,3
647,76,1
627,68,1
1313,45,1
240,100,1
688,64,3
5,84,5
1016,63,1
1280,67,3
450,45,3
5,96,3
1136,59,2
19,96,2
1337,34,5
576,62,3
1059,34,2
28,38,2
1129,97,1
886,88,1
760,56,1
569,83,1
1397,99,1
1281,82,5
1082,46,5
1363,90,5
1406,79,3
225,58,1
423,55,1
618,66,1
525,55,3
403,43,3
126,63,1
514,37,1
766,34,1
564,77,1
191,52,1
1097,58,1
1075,48,1
836,59,5
1201,33,4
240,63,4
293,55,4
1110,32,5
1235,85,5
422,101,2
277,82,2
1133,41,2
1104,45,2
1012,36,2
855,63,2
132,35,0
1339,87,0
885,90,0
114,89,4
114,48,4
1361,80,4
825,33,4
1158,98,4
1270,53,0
744,73,4
1442,62,5
1151,40,5
904,72,0
347,101,5
1036,96,5
247,80,5
1042,63,5
1062,100,1
1134,85,1
1070,56,1
876,98,1
1361,37,3
133,36,0
292,81,0
1367,100,0
450,87,0
603,58,0
617,49,0
1224,69,5
67,58,5
481,58,5
1446,50,5
331,44,5
685,42,5
936,72,5
20,58,5
1397,84,5
157,92,5
1154,57,5
90,36,0
229,95,0
763,72,0
281,83,5
603,33,5
899,89,5
185,36,1
920,79,5
294,83,5
1030,68,5
958,64,1
855,56,1
977,88,1
1280,77,0
659,99,1
378,41,4
872,59,4
248,78,4
1312,72,4
1062,96,2
927,52,2
264,89,1
602,65,4
167,44,4
1123,57,3
748,45,3
1416,50,3
323,60,3
330,100,1
481,35,1
90,81,1
1133,94,1
427,34,2
750,98,3
722,51,3
303,100,4
777,55,5
536,95,5
1366,96,5
83,38,5
714,90,1
1152,51,2
895,83,2
90,100,2
1276,56,2
1007,74,1
1402,60,1
1208,52,3
1024,77,3
20,37,0
642,88,4
1301,95,2
805,86,4
934,97,4
852,39,4
1115,58,0
336,41,0
974,72,4
91,63,2
1059,48,2
1136,89,2
36,102,2
417,37,2
154,51,2
1136,71,2
604,101,2
1361,57,2
1408,98,2
191,43,2
117,85,2
562,71,4
220,67,4
969,90,4
920,53,4
1383,75,4
339,62,1
448,60,5
1163,58,5
797,77,4
1039,36,4
360,62,4
227,34,5
342,89,3
755,100,3
1344,80,1
644,89,5
5,42,5
163,60,2
578,101,2
1380,65,2
1350,86,2
35,42,1
227,80,5
813,33,5
113,48,5
1107,69,3
540,56,5
432,78,5
133,92,5
886,96,5
1377,89,5
689,35,5
872,87,5
277,98,0
249,95,0
456,36,1
930,44,1
1083,37,4
564,86,4
1045,56,2
1395,37,1
972,53,1
320,50,0
202,61,2
391,73,4
791,45,4
892,93,4
1282,78,2
802,42,4
659,50,1
635,65,2
401,94,2
1026,69,0
446,79,0
482,32,0
97,75,0
1272,102,0
417,67,0
1102,82,0
573,37,0
265,92,0
60,89,0
102,62,0
302,58,3
714,78,2
38,91,2
1001,63,5
722,100,1
391,83,1
1232,77,2
360,84,5
167,64,5
1200,45,1
99,102,1
726,102,1
677,61,1
246,33,1
689,95,1
961,82,4
60,43,1
962,69,3
1029,88,3
626,70,4
274,94,4
205,80,5
202,73,0
1125,47,0
267,96,0
718,69,0
1029,58,1
448,99,0
481,86,0
1039,41,5
1344,32,5
1090,66,5
1230,37,1
836,74,1
1077,90,1
500,87,5
1281,56,3
617,94,5
470,39,5
1383,69,3
249,75,1
1270,48,1
564,89,0
1096,84,0
28,73,3
26,32,3
722,69,4
1313,101,2
1020,54,2
744,49,0
1339,86,5
1102,78,5
1158,88,2
842,90,2
162,44,2
1154,45,2
1389,32,2
1251,44,2
855,91,2
274,87,2
81,38,0
1339,99,5
892,101,5
200,50,4
668,78,4
1391,37,3
1123,82,3
484,32,4
820,56,4
1301,48,4
1312,37,3
593,61,2
8,80,5
1061,78,5
1123,98,5
1330,88,5
277,54,1
748,90,1
638,82,2
702,64,2
856,61,5
369,69,5
1363,41,0
417,62,0
813,88,0
785,94,4
567,76,4
462,45,3
230,74,5
708,90,5
627,85,5
411,85,0
934,98,0
468,99,3
609,73,3
605,94,3
884,79,3
1326,99,4
8,93,4
1209,36,2
774,99,2
412,90,2
250,34,2
112,66,2
1032,43,4
524,43,4
247,83,4
893,65,4
1385,76,4
1397,81,4
1418,69,1
181,89,3
99,43,3
540,102,3
1407,102,3
562,76,1
876,43,1
242,58,3
655,47,3
5,47,3
113,77,5
1445,95,3
593,45,3
4,92,3
1281,34,3
1169,100,0
407,36,0
916,79,0
218,98,3
1192,62,3
1362,70,3
582,86,2
1097,89,3
525,90,3
345,54,2
1013,72,2
1223,66,2
822,87,5
1223,46,5
202,36,4
624,35,1
554,46,4
112,72,2
568,78,2
1348,43,2
1033,99,2
714,65,2
1264,35,2
51,92,2
539,91,2
958,35,2
877,86,1
228,97,1
781,93,3
1107,74,2
462,97,2
1079,57,2
1165,62,2
622,62,3
309,100,3
266,95,2
747,44,2
726,80,2
1434,46,2
918,72,2
246,71,0
681,84,0
817,66,0
1131,75,0
1031,46,0
1151,98,1
439,98,1
523,32,1
188,53,0
1404,73,0
334,59,0
545,32,0
788,80,0
1416,37,0
1203,48,3
1152,82,3
901,43,5
1021,98,1
1180,75,3
1048,76,3
205,68,3
8,99,2
937,45,2
879,88,1
842,35,5
605,59,1
336,36,1
62,77,2
913,63,1
731,78,1
639,36,1
292,58,1
1079,50,1
959,75,1
471,51,1
664,84,5
972,58,5
1150,72,5
1388,67,5
1151,44,5
1114,50,5
235,84,1
62,38,2
1266,86,1
20,53,1
32,44,3
270,93,3
701,52,3
28,97,3
1208,102,3
117,51,3
694,37,3
811,95,3
747,35,3
1282,52,1
1129,66,1
1201,38,1
292,71,1
669,94,1
832,64,2
885,59,2
411,62,3
1173,33,3
133,94,3
1272,61,3
248,34,0
113,83,1
1335,42,1
879,99,0
1048,42,0
1210,38,0
267,40,0
1232,36,4
21,61,0
793,63,0
772,77,0
468,53,5
772,89,5
266,77,2
948,84,4
894,34,0
516,83,2
851,50,2
805,61,4
54,83,5
82,41,5
787,102,0
54,79,3
993,58,3
578,100,2
1132,85,2
1029,74,4
927,100,0
1235,75,0
293,33,0
206,51,0
1139,51,4
411,36,4
360,94,4
1253,42,4
229,96,0
1286,101,0
456,58,0
185,68,5
345,91,3
19,60,3
1265,37,3
1309,68,3
1358,66,3
85,51,3
265,43,3
743,92,2
246,45,2
1443,76,1
364,65,5
1266,47,5
505,53,5
147,61,5
598,79,5
15,89,5
175,66,4
206,78,0
1270,34,0
1132,36,0
142,94,2
277,85,2
1107,99,4
725,33,4
200,97,4
1329,90,4
1223,42,0
1282,79,0
66,73,0
748,63,0
872,101,5
114,67,1
1097,45,5
686,92,2
479,90,2
1173,94,2
959,63,1
977,91,1
57,82,3
408,69,3
747,93,5
772,94,3
516,88,0
1232,98,0
1412,57,0
855,40,5
229,45,0
818,45,0
808,57,3
663,66,2
34,67,3
711,73,3
1376,58,5
795,74,2
1062,57,2
264,61,2
1208,66,1
1440,90,1
728,50,0
1253,55,0
659,45,3
1323,84,3
526,80,0
639,82,0
523,48,0
664,68,0
1041,33,0
1167,60,0
283,97,0
1413,69,0
388,32,0
394,44,3
119,45,0
202,98,4
110,92,4
862,54,1
323,71,1
647,86,1
728,71,1
1417,96,3
1181,42,4
283,51,2
745,60,1
599,80,1
1021,76,2
239,72,2
540,86,4
195,66,4
181,40,0
303,59,0
1410,94,0
1290,60,5
1312,80,4
90,80,4
961,40,2
1021,91,2
179,34,2
1040,67,2
699,100,2
688,41,2
195,99,2
869,56,2
998,101,2
649,78,2
1066,86,2
978,77,4
191,32,1
1344,73,5
539,93,0
505,69,3
87,102,2
303,86,2
331,59,2
164,40,2
1443,71,0
195,88,0
735,60,4
1282,61,5
179,100,5
832,49,5
334,94,5
468,86,3
1077,66,3
240,54,4
373,57,4
180,94,1
456,85,1
662,32,1
54,73,1
477,60,0
379,54,0
1363,87,0
855,94,2
103,52,3
952,66,3
378,54,3
699,97,0
1401,43,4
1366,41,4
1383,41,4
1392,67,3
1090,45,4
307,69,4
283,102,2
379,87,2
958,47,1
1145,46,2
635,62,2
334,82,3
797,91,3
879,78,4
240,39,4
462,74,2
1151,70,3
234,33,4
1330,65,4
205,34,4
1416,85,2
622,73,1
1134,47,4
677,77,2
598,73,2
320,42,5
1381,69,5
133,59,5
933,89,0
741,64,0
116,86,2
1032,47,2
250,68,1
1066,46,3
1251,43,5
713,36,5
381,74,5
1216,51,3
251,32,4
1264,45,3
839,53,3
479,52,3
469,77,2
598,94,2
180,32,2
1053,82,1
161,86,1
1030,86,1
1017,92,1
1043,94,3
1365,95,1
1259,60,1
1208,71,2
739,57,2
1316,90,2
495,82,2
380,61,3
937,40,1
110,63,1
1152,53,1
86,61,1
822,77,1
1320,63,1
1377,49,4
567,70,0
713,71,3
380,80,1
1440,85,1
59,72,3
558,91,5
732,40,1
142,49,1
513,35,1
44,89,3
618,32,4
110,78,4
1309,96,1
838,40,1
523,86,1
283,58,1
1294,87,4
172,49,0
1322,84,3
173,40,3
702,95,0
1013,70,0
481,48,0
785,52,0
210,88,0
1322,51,4
182,88,4
264,33,4
1391,64,4
825,40,4
63,44,5
1218,32,5
1077,80,2
666,54,2
599,39,2
73,78,2
1329,94,5
1150,91,5
498,44,1
249,83,1
990,91,1
47,76,1
5,64,5
991,88,5
1045,72,5
1391,46,5
1064,82,5
1139,46,5
474,98,5
638,33,5
505,95,5
1041,50,5
1251,69,5
506,66,5
86,53,0
989,49,0
904,82,0
1118,45,0
732,101,0
468,85,4
1125,34,4
183,90,4
211,56,4
1434,62,4
1034,61,4
773,74,4
895,41,0
978,68,0
186,75,0
136,72,0
1446,68,0
1350,70,0
260,53,5
1414,69,5
748,59,5
709,45,5
808,50,5
818,68,4
743,33,1
991,84,3
852,65,4
805,80,5
752,72,5
581,34,5
1022,80,5
732,47,5
1053,95,4
266,82,4
972,65,4
513,60,4
1337,75,5
983,62,3
265,91,3
220,68,3
1150,99,3
567,61,3
220,32,4
669,101,3
807,87,4
749,38,4
8,85,4
173,73,4
1209,37,4
1164,50,5
644,71,5
593,50,3
1164,100,4
86,42,2
283,78,2
1022,54,2
937,92,2
57,54,2
893,79,4
421,76,4
1399,64,2
415,82,2
399,81,2
617,53,1
966,102,4
291,66,4
1077,72,2
21,82,2
1435,32,2
264,55,2
750,53,2
1269,70,2
1021,49,4
306,36,1
1244,72,4
34,77,4
678,66,4
188,49,4
1374,45,4
1276,55,3
918,55,3
378,38,0
1024,91,5
1359,66,4
32,91,4
577,42,4
805,73,2
1261,60,4
1261,93,3
164,78,3
1090,51,1
327,43,1
484,85,0
1429,65,0
741,35,0
913,101,4
709,93,1
1094,92,4
1131,66,4
726,52,1
801,95,4
62,97,1
132,77,1
292,88,1
755,75,1
479,43,5
474,97,5
712,58,5
402,42,5
133,100,2
688,67,3
1232,68,0
766,91,0
633,59,0
43,64,0
725,82,0
642,60,0
1118,75,0
40,95,3
481,93,3
316,92,1
323,101,1
162,92,5
307,96,4
43,70,4
672,86,4
363,86,4
1294,33,3
739,41,3
432,59,4
637,92,4
760,78,4
1322,64,4
608,40,4
310,35,1
1031,86,1
578,74,1
1404,53,1
48,70,1
1381,41,2
1094,49,2
1014,47,2
709,101,2
379,76,4
615,86,4
1043,57,4
205,53,1
1389,57,1
364,38,1
147,53,1
567,80,1
578,91,1
659,55,1
1299,98,1
760,46,1
127,95,5
20,81,5
1410,65,5
307,55,5
1134,70,5
1282,77,5
183,47,1
27,32,2
1108,42,0
966,85,5
1216,59,0
348,97,0
773,44,0
786,42,2
36,35,0
879,62,0
1399,69,0
172,60,0
270,59,0
185,75,0
383,68,0
1012,32,0
937,33,0
1146,47,0
114,101,0
1396,49,1
1340,93,1
1031,80,1
677,93,1
1316,77,0
1259,64,0
1054,34,0
1209,92,0
1163,46,0
202,78,4
26,91,4
417,80,1
802,93,1
599,38,0
1416,96,2
735,69,1
2,90,1
145,99,2
854,87,1
1114,85,1
1367,90,3
52,82,4
1272,56,2
293,74,1
1383,98,1
875,85,5
945,68,5
864,88,0
227,52,3
30,41,3
173,93,3
1261,45,3
735,52,3
624,69,1
1145,101,0
453,74,0
323,63,0
132,34,3
566,54,3
277,83,0
1088,66,0
144,52,0
224,66,0
576,59,0
134,89,0
514,52,4
248,102,4
937,32,2
1059,45,2
1182,38,2
1092,58,2
705,99,2
117,37,2
1276,36,4
1276,101,4
114,95,4
566,95,4
637,96,5
1042,53,3
1268,55,3
609,81,3
657,37,3
506,87,3
770,101,3
1180,61,2
379,55,1
609,39,3
401,68,3
3,73,1
639,39,0
1396,53,0
137,77,0
1440,71,4
895,65,4
310,37,4
739,102,4
788,32,4
787,93,4
1314,75,2
1108,82,1
641,56,4
708,86,4
1212,80,0
902,47,0
898,73,0
1302,96,0
267,99,3
316,89,3
1380,100,5
90,73,3
40,37,3
136,101,4
1136,80,4
862,92,4
220,102,4
951,72,0
514,75,0
1315,77,2
1419,64,1
1281,54,2
894,101,5
163,96,3
978,85,4
1447,89,4
807,63,0
1092,36,0
631,59,0
1358,72,5
1183,41,5
1165,46,0
974,97,3
1234,75,3
1007,38,3
902,46,3
1123,65,5
1,36,5
388,79,5
1151,53,5
1146,61,1
429,42,4
744,81,4
685,100,4
310,50,4
1024,99,2
1108,65,2
1329,68,2
34,87,2
210,32,3
535,82,3
1036,101,4
990,37,3
1319,96,3
49,83,1
30,80,1
291,86,2
457,41,2
478,69,2
972,101,0
361,94,5
179,65,5
869,101,5
978,101,5
485,80,5
902,92,4
1251,53,4
265,32,5
175,80,5
157,46,2
754,57,2
890,41,2
261,62,3
1316,76,3
200,35,3
967,58,5
625,53,5
1013,75,5
81,42,5
96,41,0
90,33,0
2,96,0
1313,92,0
847,45,4
1340,73,4
396,37,1
566,70,3
777,87,2
1232,43,5
127,50,4
603,50,4
836,71,4
183,93,4
786,64,4
800,52,4
789,75,5
784,91,5
851,36,2
785,92,3
1146,67,3
369,56,4
234,45,4
231,58,3
114,93,5
1443,75,0
1045,94,0
743,97,0
1312,63,3
939,92,3
975,84,4
1418,32,4
963,71,3
898,38,3
137,93,3
90,60,3
1252,67,3
786,93,5
86,85,5
659,78,5
1041,47,5
1419,37,5
422,47,5
378,81,5
974,56,5
1167,76,5
797,34,2
642,92,4
402,77,1
394,56,1
127,59,1
745,33,4
684,75,0
860,60,0
1001,36,0
505,52,1
51,45,1
172,74,1
1138,66,1
929,56,1
1061,36,1
505,32,1
1378,75,1
945,89,1
603,47,3
1030,59,5
1434,63,4
732,39,4
1419,75,4
1125,58,4
105,58,4
96,98,2
821,92,5
647,98,2
795,75,5
541,56,5
899,48,4
824,93,2
875,93,2
892,98,0
401,82,3
1333,101,3
56,70,3
805,71,3
663,92,5
1034,53,3
224,82,4
1053,46,3
183,54,3
991,65,5
664,63,5
479,94,0
755,48,1
684,58,3
694,102,3
1044,43,3
922,39,3
1255,73,3
913,71,3
200,80,4
1032,97,4
1059,70,4
1033,73,5
320,89,5
535,43,5
955,75,5
1075,61,3
526,76,0
931,50,0
185,49,0
1132,50,0
637,36,5
1223,84,4
1218,53,4
641,41,1
781,65,1
43,71,1
1312,57,1
342,65,1
510,90,1
323,48,1
371,33,1
875,74,1
15,94,2
249,37,0
498,82,0
1261,79,3
205,88,3
962,68,1
377,88,1
681,32,1
1264,82,1
524,48,4
730,81,2
339,90,2
691,75,5
198,42,5
1314,57,5
1294,68,5
1021,72,5
1445,76,5
175,51,1
689,59,2
1014,64,2
637,88,3
959,99,0
832,66,5
544,93,5
991,102,3
1404,59,2
377,87,2
57,92,2
535,67,1
448,81,1
1023,73,1
64,57,1
714,68,1
456,39,1
1296,38,1
1323,56,1
681,54,3
182,35,2
361,70,3
127,74,3
1152,60,3
1302,91,3
1031,77,4
414,88,5
227,83,3
448,83,1
593,93,0
209,82,3
701,43,0
793,89,0
712,55,3
234,35,3
791,54,4
711,70,4
593,66,4
1269,59,4
664,86,4
988,51,5
1083,88,5
983,96,1
603,49,5
574,56,5
1417,56,5
1096,80,1
711,65,1
19,78,1
825,99,0
67,45,0
984,41,0
787,63,1
902,84,1
972,100,1
852,99,1
904,92,1
211,51,3
62,93,3
1350,34,3
202,44,3
899,82,3
1075,44,3
1268,64,3
182,45,3
346,52,3
847,46,3
745,37,2
962,50,2
812,74,2
625,32,0
599,62,0
18,39,3
57,50,3
991,93,2
96,91,2
195,62,5
1429,95,4
93,102,3
448,59,3
1383,102,1
364,74,1
448,41,1
1167,34,3
1066,40,3
1381,58,3
959,86,3
879,53,2
452,59,5
1359,58,5
974,87,2
1264,85,0
114,98,4
402,73,4
912,73,2
1152,70,2
741,54,2
93,47,2
826,94,2
369,34,2
1022,35,2
474,84,2
1376,71,5
1392,102,4
1300,93,4
838,102,4
815,97,4
941,77,4
890,55,3
975,33,3
677,81,1
1167,91,1
813,51,1
48,94,3
205,75,3
931,61,5
990,47,5
228,44,5
1102,40,5
1036,89,5
1381,98,0
450,76,0
686,93,0
163,90,0
378,94,0
63,81,0
70,100,0
772,87,0
1376,66,0
568,96,0
1145,80,0
347,62,0
922,34,4
225,67,4
408,65,4
479,82,3
754,48,1
933,92,5
625,51,0
456,74,0
663,48,0
1309,86,1
681,73,1
411,58,1
903,100,2
685,64,1
801,54,1
708,41,1
250,87,1
4,63,1
1434,58,3
297,55,3
640,63,3
264,71,3
631,55,1
979,85,1
678,75,1
70,92,1
812,92,1
1138,53,5
173,33,3
1361,76,3
348,95,2
702,49,2
663,94,2
535,37,2
1014,92,2
1217,64,4
56,63,4
85,67,4
904,73,5
66,53,5
85,88,5
1016,91,1
516,55,3
1129,43,4
161,75,4
246,46,4
637,47,4
435,65,0
1123,67,0
618,39,1
147,70,1
993,45,3
1370,100,3
1264,65,3
1335,50,3
33,95,3
1092,32,3
958,58,3
662,34,3
1363,77,3
678,46,3
615,56,3
450,97,1
732,87,1
972,46,1
1104,44,5
1268,50,4
731,84,4
988,58,5
659,60,5
47,82,1
1268,92,1
1303,50,1
974,98,1
261,65,3
1335,40,0
198,48,0
898,47,0
750,96,0
1075,67,0
564,81,0
93,76,2
640,80,2
689,102,2
338,37,2
524,44,2
836,35,2
1280,48,2
962,49,2
239,33,2
303,54,1
523,85,1
602,53,4
1163,59,5
813,66,5
805,99,5
564,46,4
261,102,0
1233,79,1
1024,43,0
48,48,5
394,33,2
728,100,2
979,79,2
574,78,5
1184,69,5
1414,41,4
471,84,4
1158,49,4
1339,57,4
206,61,3
180,91,3
581,61,0
86,34,0
713,89,2
988,73,1
1045,99,3
403,67,3
1257,78,4
70,35,4
446,46,4
267,70,4
1123,87,4
497,76,4
27,46,3
1267,51,3
1115,73,3
1320,36,2
314,82,2
1378,91,2
248,39,2
1154,64,2
397,76,2
894,91,2
1329,102,2
113,76,2
1182,93,4
351,96,2
937,38,2
180,71,2
412,73,0
1281,88,0
627,92,4
182,70,4
467,52,0
1413,71,0
1073,94,5
783,84,1
1125,67,5
1133,51,5
1329,43,2
1264,86,2
1380,75,2
1118,62,3
70,44,3
24,88,2
1041,66,2
417,79,2
1154,62,2
369,83,2
1083,74,2
1169,89,2
663,33,2
479,96,2
854,58,2
892,64,2
62,85,4
979,61,1
261,101,1
918,80,1
137,61,1
380,36,1
266,44,1
53,44,1
286,66,1
855,99,4
847,40,2
1348,51,2
1326,53,2
363,53,0
147,32,0
512,83,0
1447,42,3
1218,42,3
678,83,3
52,102,3
657,87,3
80,71,0
562,63,0
895,91,4
1290,73,4
163,61,4
819,81,4
206,50,5
984,47,3
1133,85,4
1188,77,3
614,89,3
562,97,4
700,52,4
117,92,0
1077,96,0
558,89,0
1188,94,4
1180,93,2
51,66,0
617,40,0
230,71,0
879,42,1
1381,44,1
598,34,5
139,93,0
989,42,0
345,94,5
951,87,1
969,91,1
414,42,1
228,47,1
307,53,1
209,40,1
1087,79,1
564,52,1
1302,44,2
635,92,0
563,85,0
30,55,0
441,101,0
708,59,0
320,58,0
1294,86,0
1375,94,3
231,79,3
1287,37,3
1146,93,3
789,77,3
1181,88,3
744,53,3
875,47,3
1361,72,3
818,102,3
402,56,3
1021,85,0
448,37,0
754,68,0
267,57,2
1410,71,0
670,97,4
785,90,2
1445,78,2
240,91,2
644,74,1
774,75,3
363,72,3
678,93,3
1344,46,3
468,83,3
402,48,3
793,72,1
599,77,5
524,49,0
641,78,0
1233,82,2
1125,40,2
416,74,2
705,89,4
1312,38,0
349,102,0
567,59,2
1313,98,3
922,58,0
1329,45,0
1244,76,0
277,63,5
1319,72,5
1426,33,3
388,100,1
903,36,5
446,94,4
722,44,3
369,54,2
228,93,0
540,67,0
1320,48,0
1224,78,3
467,66,3
139,81,3
36,90,3
105,32,3
1054,68,3
1375,45,2
598,69,2
712,96,0
246,35,0
730,61,2
869,57,4
951,60,4
655,60,4
261,76,4
227,61,4
1066,99,4
460,34,4
781,51,4
85,86,2
647,66,3
1286,60,3
1329,37,3
331,42,3
15,35,5
1313,63,5
373,70,5
66,37,5
260,60,5
1034,98,1
700,54,2
161,98,2
1268,51,0
777,97,5
626,77,5
568,77,5
102,53,5
422,42,5
202,80,0
497,64,0
1033,72,5
453,85,5
136,85,5
1358,82,5
783,80,5
1016,77,2
1367,68,2
701,46,2
239,92,4
659,36,4
1303,71,3
1040,87,4
1062,72,4
684,88,4
1091,46,0
1259,50,1
700,44,1
1330,32,3
574,34,3
1273,48,4
1415,101,5
817,101,5
505,91,1
377,39,1
602,61,5
1302,97,5
610,70,5
1114,51,5
618,34,5
99,57,5
399,94,5
1330,74,5
142,76,5
381,93,5
972,35,3
573,50,3
1303,93,3
1381,48,5
795,38,4
466,79,2
955,43,4
291,47,4
978,92,4
205,59,1
1192,72,5
1138,49,5
1302,61,5
220,84,5
33,34,5
748,54,5
478,59,2
346,66,2
68,81,0
1255,54,2
641,72,1
856,97,1
1447,91,0
446,64,1
421,58,1
1024,73,1
30,46,1
1283,63,1
471,89,1
1068,59,5
1401,42,5
1034,99,0
1154,54,0
1362,92,0
1286,67,0
477,79,5
33,53,5
228,91,5
378,76,5
1399,92,5
593,89,5
1201,34,5
206,82,5
1172,59,5
644,102,5
856,45,5
412,75,5
417,47,0
1339,41,0
48,89,0
638,41,2
514,34,0
46,82,0
49,52,0
1115,57,3
265,41,3
51,38,3
1020,60,1
535,73,1
556,90,1
261,55,5
747,75,5
806,75,1
987,56,1
1267,72,3
1391,83,3
918,94,5
839,75,4
582,43,2
1059,60,2
877,55,2
1167,57,2
892,58,2
345,50,3
784,41,5
364,36,5
1096,51,5
941,59,5
79,93,2
977,38,2
689,54,1
581,102,1
448,95,1
1376,55,1
989,80,1
796,55,1
578,64,0
1248,75,0
440,47,0
875,82,0
1044,34,0
1270,80,4
774,44,0
338,98,0
362,62,0
126,32,0
191,82,4
1404,74,4
522,86,4
788,65,4
1020,89,4
624,70,1
249,86,0
1175,57,0
102,83,3
470,58,0
1131,71,0
1404,48,0
895,79,4
441,70,4
838,36,1
1267,35,5
599,89,5
1234,91,0
1133,93,0
705,93,0
283,75,5
500,90,5
806,67,5
1150,83,5
369,87,5
977,56,5
1131,61,4
1283,68,0
605,39,0
1097,34,4
512,58,4
1108,32,4
159,49,4
1181,99,1
578,80,2
1435,81,5
745,47,1
35,79,1
603,79,3
33,61,3
283,57,5
217,63,5
1399,41,2
1184,42,2
510,71,1
821,102,3
18,70,3
1264,79,2
1114,41,3
1158,71,3
1446,101,3
302,78,3
1447,68,2
342,53,5
40,98,5
182,89,0
938,34,4
817,87,4
242,81,4
1229,92,4
852,55,0
1034,65,0
340,98,0
162,53,0
929,67,5
462,77,5
1390,60,1
743,91,5
700,76,3
818,50,3
432,81,5
1397,65,2
808,34,2
1350,83,4
1363,48,4
1385,71,4
414,62,4
1322,50,1
399,34,1
51,84,3
893,37,0
249,99,0
743,82,0
1281,69,0
609,70,3
283,59,1
540,73,1
40,76,1
777,68,1
521,45,1
479,60,2
1257,93,2
407,77,2
161,59,0
228,102,0
626,85,3
522,44,3
159,43,3
681,83,4
225,45,4
877,83,5
1062,40,5
577,52,5
69,53,1
644,73,1
662,66,1
1326,98,1
342,81,1
1102,80,1
230,38,1
33,102,1
510,59,1
852,76,5
913,36,2
1068,91,5
657,50,5
1266,73,5
714,55,5
770,45,3
510,98,3
1330,59,1
1280,65,1
1210,79,1
893,61,1
1251,87,0
1270,76,5
1366,89,4
567,60,3
709,39,3
1426,86,3
1301,83,3
1059,32,3
989,54,3
137,83,1
411,99,1
1054,54,1
1192,35,1
1350,56,2
60,57,2
35,56,2
631,63,5
371,61,5
1309,62,5
412,81,5
446,63,5
1022,60,0
334,58,0
931,60,0
1163,100,5
735,81,0
102,74,0
931,39,3
796,49,3
640,74,3
20,85,5
182,96,5
38,76,5
1444,72,5
1305,45,5
1446,34,4
633,93,4
56,65,1
1248,79,1
448,71,5
637,78,5
909,42,3
317,97,3
1175,70,5
1320,37,5
862,43,4
416,90,4
822,51,4
825,90,4
739,78,4
302,57,1
377,73,2
805,97,2
972,60,1
941,50,3
1333,53,3
838,94,2
884,39,2
294,58,2
1066,66,2
369,96,5
541,45,5
435,96,5
1090,89,4
832,87,4
179,33,4
1087,37,4
1088,81,4
1326,60,5
1339,84,5
1184,47,5
1169,48,5
684,87,5
1118,42,2
826,80,2
80,39,2
64,60,2
225,37,5
869,87,5
1397,53,5
415,49,3
1064,101,3
1123,63,5
416,36,5
1267,88,1
181,65,1
598,82,0
526,36,2
783,42,0
136,44,0
394,93,0
1096,48,0
657,48,1
137,66,5
1090,61,5
86,35,5
610,96,1
602,70,5
631,32,5
564,61,5
297,91,1
730,64,1
18,91,1
154,90,1
563,48,1
1179,87,2
180,59,2
206,75,2
1192,56,1
494,53,1
578,60,1
785,66,4
769,33,0
435,87,0
1393,47,0
417,32,0
240,93,0
495,65,0
378,61,2
309,58,1
239,55,1
787,78,1
468,50,1
894,62,0
1131,57,2
356,44,2
805,88,4
21,83,4
1416,43,4
134,79,4
423,46,5
479,33,2
640,33,2
394,80,0
144,48,0
1233,40,3
1316,62,3
574,35,3
485,72,3
1118,68,3
872,79,0
741,81,0
170,36,0
627,79,0
59,46,0
1320,57,5
1414,63,5
467,43,0
892,59,4
785,82,3
1087,39,0
209,81,0
934,36,0
747,100,2
338,83,2
1082,102,1
948,43,4
373,65,4
556,53,4
209,51,3
291,32,3
381,42,3
495,42,3
1435,55,4
545,51,4
625,88,4
1370,54,4
563,77,3
1232,101,3
686,83,2
1150,84,2
81,101,2
97,35,4
136,56,4
789,53,1
91,89,1
1305,49,5
80,57,5
990,32,2
21,59,2
825,37,2
603,86,2
460,35,2
1412,78,2
595,32,2
948,92,4
1323,41,2
1300,57,5
349,96,0
384,101,3
993,99,3
540,93,3
429,51,3
991,67,5
1024,95,3
1445,70,3
644,58,2
659,91,2
817,59,2
181,73,2
929,86,2
1447,34,2
749,33,4
1348,98,4
662,38,1
56,36,0
624,47,0
510,78,0
82,50,2
741,46,1
109,54,4
43,102,4
975,67,4
446,51,4
581,41,4
977,34,4
428,46,4
649,65,4
220,87,3
1032,60,4
351,47,3
154,84,0
1280,80,0
777,100,2
930,49,1
1434,53,1
1087,95,3
446,73,3
1118,66,3
294,46,3
728,53,3
1286,85,4
728,39,5
862,37,5
388,74,5
1048,84,5
1007,73,4
1269,53,4
705,37,4
512,93,4
979,63,4
927,40,5
286,74,5
116,91,4
639,77,4
1048,46,4
991,54,0
1021,74,0
1101,55,4
1029,36,4
394,65,5
1412,66,5
754,32,1
1167,81,5
987,38,0
1337,84,0
781,77,0
1175,101,2
229,44,2
1043,40,3
685,72,3
26,84,2
1447,58,3
407,94,2
1097,76,2
110,58,4
666,98,4
288,77,4
1366,49,4
406,57,4
1287,100,4
264,79,5
649,59,1
1265,32,1
292,77,1
1281,66,4
416,57,4
626,53,4
1208,98,2
1165,93,2
801,83,5
471,95,2
1380,66,2
784,50,2
1404,58,2
481,100,2
869,46,2
608,96,5
875,36,3
937,101,2
170,92,3
938,96,3
1261,34,3
898,56,3
183,36,0
1267,58,0
180,38,1
576,102,2
718,98,4
471,79,4
113,88,4
1070,72,0
941,73,2
317,100,2
1344,88,0
640,99,5
681,49,1
638,44,1
260,63,1
737,38,4
403,99,4
1167,39,4
1172,60,4
689,73,4
747,78,4
977,102,1
1399,48,2
133,54,3
338,65,3
479,37,3
48,69,1
1201,58,1
379,59,4
834,96,0
984,34,0
649,64,0
1108,52,0
116,77,0
48,91,0
219,42,4
56,38,4
406,86,4
114,85,4
249,43,4
836,101,1
109,78,1
147,80,1
1029,39,1
195,84,1
838,45,5
1264,50,5
205,85,3
678,80,5
1070,78,5
144,47,5
1323,67,5
49,102,5
586,73,5
38,101,0
1388,64,0
755,102,0
966,89,5
167,47,5
824,99,0
975,81,4
1104,55,4
40,60,4
1333,100,1
635,81,1
1417,41,1
1169,35,1
340,48,5
180,77,5
558,86,5
68,96,4
478,82,4
469,48,5
1184,59,3
87,72,2
815,40,2
789,85,5
1339,63,5
617,102,5
1123,59,5
898,89,5
180,36,5
556,94,2
808,86,2
912,75,1
653,43,1
1199,46,0
1012,82,0
689,49,4
251,98,4
1181,53,3
383,56,3
334,72,3
1212,84,3
979,67,3
270,83,3
553,73,3
394,69,3
64,54,2
482,80,1
599,79,1
1209,89,1
1001,58,4
916,49,4
240,101,4
246,42,2
403,98,2
417,86,0
157,43,0
145,69,3
869,95,4
1329,61,1
577,100,1
1287,89,0
1088,59,0
1212,37,0
701,100,0
1208,40,2
209,48,2
1115,63,1
21,80,0
933,81,3
730,36,3
21,88,4
647,61,0
1312,77,0
186,44,0
1261,71,0
229,62,1
1158,61,1
1300,85,5
1269,86,5
1043,102,5
937,97,5
1269,87,5
1151,69,2
784,35,4
381,39,0
288,48,0
604,86,0
220,55,0
864,38,4
639,57,4
730,62,4
1054,50,0
453,33,0
1303,77,0
399,40,0
1172,100,0
73,38,0
702,45,0
116,42,0
993,92,2
489,47,2
1007,96,2
559,83,3
819,62,3
544,66,3
838,100,5
32,56,5
162,51,5
1418,78,0
787,70,0
702,90,0
381,95,0
457,91,0
763,33,3
188,67,3
1329,83,4
1059,65,4
1408,44,3
1045,48,3
1280,54,2
471,72,2
834,86,2
962,64,2
5,68,2
518,84,5
820,50,5
1158,83,5
90,86,0
1115,68,0
467,34,4
52,72,1
434,79,5
647,54,5
495,67,4
323,65,4
659,66,4
46,52,4
1031,92,2
1261,89,3
842,89,3
364,50,1
967,67,4
1039,39,4
224,55,4
101,60,3
363,84,3
1082,91,3
1030,84,4
1033,70,4
1419,67,1
339,47,1
220,93,1
783,89,1
467,48,1
700,34,1
334,32,3
314,59,3
331,85,3
1200,53,3
649,37,3
191,99,3
281,82,2
379,33,1
1164,81,1
307,91,2
294,88,2
93,48,2
983,71,3
363,44,3
681,44,3
59,102,3
1218,69,2
1446,89,3
773,85,3
610,84,3
384,79,3
415,47,2
904,68,2
599,43,4
289,35,4
73,58,4
637,48,4
38,84,0
87,95,0
604,94,0
605,80,0
657,59,0
1335,52,1
402,93,1
81,54,0
186,98,0
637,33,0
1276,75,2
248,35,2
471,60,4
5,81,4
1303,33,1
777,92,1
1013,74,4
1054,52,4
1316,91,4
428,56,1
958,49,3
763,100,3
127,38,3
806,96,2
748,83,2
531,74,2
292,101,3
595,42,3
955,94,0
838,97,0
948,69,3
1012,37,3
362,90,2
1299,79,2
24,100,4
1040,85,4
403,39,0
728,84,0
945,36,0
615,101,5
394,75,0
1152,54,3
1110,96,3
453,90,5
1399,72,5
67,73,5
807,36,5
877,95,5
434,56,5
15,86,5
886,86,5
795,69,2
506,70,2
534,72,2
626,72,1
766,90,1
1367,45,0
242,57,3
173,91,1
1381,51,1
605,34,1
1268,59,1
705,36,5
46,77,2
684,70,1
297,48,0
785,79,0
8,67,0
1286,81,0
901,84,0
1024,90,4
595,57,4
1406,36,1
892,63,0
884,40,0
119,67,4
1040,76,4
1021,66,4
376,45,2
1136,34,2
323,33,2
862,42,2
749,83,5
117,76,5
1235,77,5
145,43,5
1361,65,5
1376,42,5
3,80,5
750,72,5
1077,47,1
637,65,1
920,75,1
793,68,3
1412,39,1
1123,33,0
1326,42,5
1257,73,0
227,64,0
1382,100,0
327,45,0
1152,69,0
987,71,0
566,83,5
993,65,1
1068,96,4
1088,89,4
760,54,0
421,73,3
1158,73,3
1370,71,3
1167,36,3
103,91,3
975,76,3
485,58,1
157,48,1
80,90,3
469,32,3
554,80,2
618,90,4
1175,59,4
927,44,4
514,90,0
1313,60,0
702,79,3
1158,37,3
801,73,3
1303,51,3
732,92,3
744,100,3
1092,45,0
820,67,0
908,74,3
125,36,3
479,35,3
1366,43,3
1136,35,3
626,34,3
59,60,3
48,87,1
638,94,0
403,91,0
963,91,0
335,36,4
345,41,4
1290,50,4
1021,70,5
1330,102,4
234,41,4
377,74,4
113,73,4
666,53,4
80,98,3
66,66,0
331,53,0
983,100,4
378,56,4
1261,66,1
1395,87,3
1366,68,3
59,86,3
455,62,3
860,54,2
712,46,2
1352,55,4
1294,52,4
1435,90,4
224,49,1
602,62,1
909,73,3
20,88,3
281,85,3
1287,33,3
371,75,3
839,97,3
63,40,3
664,54,2
314,64,1
248,51,1
210,51,1
1031,95,5
1022,50,4
989,38,4
1068,61,3
627,56,3
1218,83,0
856,33,1
730,53,2
728,56,2
978,45,4
1429,53,5
63,71,5
311,41,1
1088,52,2
415,63,2
702,32,2
811,85,2
57,48,3
741,97,4
288,67,4
1224,73,4
772,99,4
1150,51,4
567,57,4
159,45,4
1388,54,4
1184,88,0
283,93,4
820,35,4
356,60,2
1014,82,2
640,50,2
1329,56,5
694,33,5
1094,89,4
286,62,1
1223,53,1
748,97,3
545,82,0
371,102,0
649,56,0
417,39,0
952,50,0
320,44,0
67,90,5
455,63,5
1233,84,5
18,54,5
32,49,0
913,34,0
1339,54,0
1024,86,1
181,70,1
1363,73,0
2,64,5
705,97,5
311,84,5
505,84,5
1276,78,1
345,74,1
224,43,1
795,85,1
824,71,1
817,92,1
338,56,1
627,54,0
1114,71,0
1391,92,0
1381,94,3
1444,89,3
1283,58,3
1013,53,3
1294,84,3
862,51,5
291,100,1
446,34,4
637,72,3
70,88,3
356,83,1
730,71,2
494,66,4
339,52,5
1079,45,5
714,48,1
249,50,0
1296,35,0
879,101,1
1188,64,1
1115,84,1
414,97,3
672,43,3
422,72,4
941,38,0
229,35,0
246,73,4
1136,44,4
793,74,4
544,51,4
708,45,4
1322,65,5
453,55,5
998,81,5
1352,63,0
610,101,0
808,98,1
297,56,1
920,63,1
967,42,5
264,86,1
1163,81,1
161,44,4
170,65,4
842,102,4
599,42,4
1040,44,4
994,62,4
82,48,5
672,36,4
1418,49,4
1358,63,4
525,93,1
314,81,5
1042,94,5
1312,32,1
1255,67,1
217,36,3
219,35,3
787,33,3
540,41,4
608,68,4
137,62,3
559,32,1
79,41,1
1184,52,1
1315,97,1
414,89,1
559,59,1
1393,41,1
662,41,1
277,79,5
795,93,2
1043,65,2
228,85,0
1216,71,0
1041,82,1
1169,79,1
869,65,3
1348,73,3
224,90,1
625,33,1
18,65,5
631,38,5
1175,48,2
267,42,2
566,47,4
1232,84,5
198,61,4
314,41,4
1350,40,4
1104,47,4
347,86,0
1138,34,0
847,86,4
603,39,4
649,67,4
581,92,1
1370,38,1
173,100,1
898,57,2
396,47,2
1272,66,2
1389,38,0
339,61,4
1342,85,4
1335,93,2
289,95,3
713,38,2
818,37,3
822,48,4
477,83,4
211,32,3
320,94,3
286,51,3
1212,48,4
167,102,2
154,32,2
225,93,3
904,70,3
543,55,3
1407,38,3
1180,42,3
265,49,5
1299,68,5
113,71,5
30,45,5
274,95,3
1410,74,1
1029,45,3
745,81,3
598,42,2
864,94,2
200,64,2
991,32,0
1115,45,0
885,69,0
1014,60,2
708,70,4
161,58,4
8,95,1
979,89,1
1022,73,1
217,50,1
1201,60,1
266,47,1
668,39,2
1344,36,3
1412,58,3
225,36,3
1352,69,3
1258,61,3
1252,54,3
658,32,2
497,55,2
334,98,2
470,87,2
1392,51,5
1097,32,4
701,75,0
1045,87,5
731,64,5
773,84,5
32,57,5
1342,47,3
1397,101,3
316,50,3
217,88,0
1201,69,2
826,99,2
993,63,2
1392,66,5
617,87,5
363,80,3
543,54,3
172,72,1
860,93,3
563,60,4
522,101,1
1044,99,4
539,34,0
1033,96,3
411,35,2
154,66,2
348,32,1
1266,92,5
336,72,0
826,41,5
217,78,5
1182,79,4
291,72,5
745,40,3
1026,71,2
49,32,2
1173,85,0
1040,82,5
808,70,5
743,64,5
627,61,2
800,70,2
399,85,2
198,46,2
521,83,2
963,70,5
1175,81,2
303,99,0
134,66,2
373,50,2
838,41,0
422,76,0
35,53,5
281,58,5
218,71,5
893,93,4
474,90,4
920,91,2
363,99,5
83,64,4
642,32,0
951,54,2
163,48,2
1064,90,4
455,40,3
1164,82,1
344,71,1
401,41,2
994,40,1
1066,81,1
817,75,1
653,101,1
1339,62,1
769,46,3
1299,34,2
805,42,3
1407,53,3
1340,91,4
893,74,4
360,56,0
817,34,4
376,63,3
1269,73,3
1088,68,3
735,59,5
8,60,5
1131,69,1
615,62,1
1133,63,1
1070,38,1
664,87,5
904,36,0
708,77,0
200,65,0
248,73,0
391,51,0
788,52,0
54,63,0
460,36,0
474,47,2
655,96,2
941,47,2
303,78,2
939,101,2
649,47,3
851,41,1
518,88,3
498,48,3
334,92,1
842,66,1
1367,93,5
1246,64,5
1370,99,3
558,57,5
1270,75,5
383,70,4
495,38,4
402,45,2
1053,45,2
1158,33,4
869,60,4
202,37,4
246,53,2
291,71,2
524,53,2
1034,85,3
1203,53,4
1252,45,0
54,39,3
1040,79,1
134,81,1
1322,99,1
931,65,3
1434,79,0
15,33,0
777,57,0
781,41,0
4,74,0
1412,63,0
1061,87,0
1340,61,2
1083,62,5
440,48,5
247,87,5
1172,76,2
218,87,3
1118,34,5
179,69,1
229,71,5
361,56,4
342,100,4
494,57,2
558,56,1
691,53,1
893,34,1
1396,75,1
1434,84,1
62,43,1
916,72,4
183,65,4
457,62,4
877,97,1
1255,86,0
1223,89,5
687,74,5
577,93,3
789,39,3
842,92,3
373,52,5
59,51,1
1313,82,1
229,69,0
1163,38,4
202,74,4
609,97,4
1041,41,4
286,100,4
1022,51,4
38,88,1
687,94,1
826,97,1
637,37,1
1320,83,1
1012,69,4
1092,55,0
1370,46,0
446,40,2
96,58,0
705,51,0
162,74,3
653,74,0
477,96,5
994,55,5
1218,43,1
274,93,2
93,46,2
1223,80,2
1272,47,4
1408,35,4
1107,78,3
1041,34,3
595,87,3
191,90,3
1033,86,3
133,38,3
658,93,5
309,62,1
525,46,1
137,56,1
1391,78,4
1096,54,4
306,55,4
34,39,4
664,38,4
1053,34,5
936,38,3
641,79,1
705,71,0
415,77,0
898,76,0
709,56,4
349,89,4
785,96,3
1370,41,3
824,77,3
1261,90,3
1066,60,3
1115,72,3
691,56,3
378,65,5
1007,67,5
1167,56,5
576,57,5
805,60,2
1199,95,2
984,39,2
1167,86,2
471,53,2
70,82,2
604,73,4
647,68,5
582,65,4
608,53,2
754,97,3
453,39,0
8,53,0
894,65,4
1323,73,4
1164,83,3
1414,89,3
958,52,5
82,60,3
666,68,3
1296,33,2
362,79,3
525,84,3
1435,86,0
1287,56,2
283,71,2
812,95,2
604,102,2
248,90,2
448,75,2
1255,33,2
741,45,1
1248,54,1
567,102,2
1248,38,4
747,34,3
1201,70,3
1389,98,3
288,38,3
763,83,3
1034,37,3
1020,47,3
314,45,3
933,84,3
1152,76,3
681,61,2
755,62,2
952,82,2
1035,81,5
20,75,2
66,82,1
812,49,1
930,83,1
1382,49,4
754,35,5
1440,77,5
1419,90,4
779,88,5
948,32,5
608,101,1
340,102,1
718,65,1
64,86,1
1034,35,1
1333,68,4
1234,95,5
1089,36,2
941,36,2
435,102,2
1169,61,2
455,95,5
1413,58,5
482,89,5
481,59,2
335,41,1
406,52,4
677,62,3
164,38,4
1230,60,4
297,44,4
1059,93,1
1276,94,0
633,97,3
1397,38,2
181,42,4
167,52,4
1167,75,5
162,47,5
558,40,5
1370,32,1
397,65,2
377,57,0
569,54,0
1316,55,0
498,89,0
485,48,2
265,89,2
167,48,2
1385,88,2
262,57,1
972,54,3
157,56,3
1328,92,3
489,61,5
1075,69,0
403,77,0
167,57,5
177,96,5
482,40,4
534,91,4
955,58,4
247,85,4
15,45,2
82,80,2
455,39,2
812,71,2
54,66,2
1180,97,2
1172,53,0
876,61,3
1042,50,3
1167,33,2
164,87,2
930,99,3
21,77,3
605,54,3
535,32,3
277,66,4
500,64,4
432,68,4
583,81,5
1035,43,3
934,39,0
1136,56,3
662,96,3
766,43,3
955,95,3
934,53,3
1165,66,3
66,69,3
576,91,2
1131,44,4
401,79,5
598,38,0
383,54,0
544,33,0
930,57,0
1110,69,0
1404,54,0
1273,39,2
481,61,2
1059,94,2
1408,55,4
1090,62,3
441,80,3
1389,96,3
331,48,4
909,34,3
1089,89,5
99,46,5
1309,44,5
1203,63,5
4,84,5
126,38,5
977,75,2
1294,83,2
593,43,2
581,49,2
142,54,0
781,101,4
631,58,3
1042,33,3
1299,44,3
1269,65,3
346,54,3
1407,67,3
159,66,3
708,75,3
113,94,5
19,66,1
1138,57,0
577,88,1
786,79,5
1073,101,3
1282,73,3
916,74,3
709,78,3
1389,41,0
908,42,4
134,93,4
1323,78,2
535,84,3
1045,62,3
56,42,3
20,91,3
1183,98,3
286,59,3
57,46,5
789,55,4
512,86,4
1034,46,4
523,75,4
1045,95,5
1413,47,5
314,33,5
689,48,5
102,96,5
250,61,5
1410,90,5
573,33,5
812,75,5
356,70,3
836,49,3
644,85,3
489,52,4
132,47,4
494,102,4
998,89,4
177,49,4
364,94,4
966,38,4
979,34,4
407,32,5
1082,71,4
412,97,4
1377,80,0
137,42,0
903,34,0
640,96,0
1040,46,3
383,91,1
1265,79,5
1040,35,5
1188,74,5
922,54,5
586,44,2
599,75,2
800,94,2
666,80,2
1044,84,1
1358,44,3
505,70,5
1079,96,5
134,98,5
916,99,5
796,87,5
161,47,5
664,46,4
639,44,4
1340,76,4
1034,74,1
1426,73,2
836,47,4
173,55,5
157,93,5
1335,80,3
142,84,2
1419,80,5
1021,58,5
554,33,1
481,101,5
1230,95,4
388,72,0
1145,39,1
1415,68,5
901,33,2
864,64,2
468,76,4
1041,76,2
1126,40,2
718,51,3
669,71,3
514,80,3
388,35,4
808,60,4
99,33,3
498,36,3
1418,74,5
1132,88,5
554,40,5
249,89,0
574,93,3
860,98,4
526,50,4
1406,42,4
1257,87,4
469,47,1
811,64,5
1282,89,5
423,52,5
700,42,3
958,79,3
162,36,4
975,66,4
784,48,4
1255,87,4
1020,101,0
855,87,0
586,37,4
1417,70,4
314,66,4
1138,50,4
730,83,4
307,95,4
